index,time,L_x,L_y,L_z,C_x,C_y,C_z,F_x,F_y,F_z,confidence,gaze_norm_pos_x,gaze_norm_pos_y,norm_pos_x,norm_pos_y,diameter,ellipse_center_x,ellipse_center_y,ellipse_axis_a,ellipse_axis_b,ellipse_angle,diameter_3d,model_confidence,model_id,sphere_center_x,sphere_center_y,sphere_center_z,sphere_radius,circle_3d_center_x,circle_3d_center_y,circle_3d_center_z,circle_3d_normal_x,circle_3d_normal_y,circle_3d_normal_z,circle_3d_radius,theta,phi,projected_sphere_center_x,projected_sphere_center_y,projected_sphere_axis_a,projected_sphere_axis_b,index.1,time.1
1,0.0,-15.6,0.0,-2.1,-19.8,2.5,-4.2,1.0,-0.3,0.0,0.034723051,-0.438920992,-0.044175247,0.671963844,0.86453407,159.4854198,430.05686,65.0236462,152.1530479,159.4854198,12.79974419,3.318160527,1.0,3,1.674035357,-5.557644552,25.17297568,12,2.377866376,-3.730501112,13.33379628,0.058652585,0.152261953,-0.986598283,1.659080263,1.723652837,-1.511416907,361.2307998,103.1175088,591.1100933,591.1100933,1,0.0
10,0.496,-15.5,2.5,-5.1,-20.0,1.7,-4.2,1.0,0.1,-0.2,0.99,0.464660462,0.618888872,0.577660877,0.535554686,145.1974651,369.7029612,222.9337509,131.6843122,145.1974651,85.70413869,3.354546395,1.0,3,1.674035357,-5.557644552,25.17297568,12,1.142812474,-0.318374804,14.39021839,-0.044268574,0.436605812,-0.898563107,1.677273198,2.022618756,-1.620022486,361.2307998,103.1175088,591.1100933,591.1100933,10,0.496
506,17.769,-15.5,2.2,-3.9,-19.8,1.6,-4.2,1.0,0.0,0.0,1.0,0.253808107,0.752045857,0.636806297,0.50588945,150.4412266,407.5560299,237.173064,136.8751594,150.4412266,89.25506445,5.98e-08,1.0,9,1.469992566,-4.759578543,10.91721299,12,3.47e-08,1.61e-10,2.49e-07,-0.122499378,0.396631545,-0.909767728,2.99e-08,1.978640822,-1.704640389,403.4824228,-30.30146787,1362.985225,1362.985225,506,17.769
580,20.272,-15.5,2.4,-4.4,-19.8,1.6,-4.1,1.0,0.0,-0.3,1.0,0.054973869,0.799871043,0.688531661,0.509380792,162.1511959,440.6602632,235.49722,146.2208659,162.1511959,83.48951758,6.34e-08,1.0,9,1.469992566,-4.759578543,10.91721299,12,4.75e-08,-3.23e-10,2.47e-07,-0.122499377,0.396631545,-0.909767729,3.17e-08,1.978640822,-1.704640388,403.4824228,-30.30146787,1362.985225,1362.985225,580,20.272
582,20.336,-15.5,2.4,-4.4,-19.7,1.6,-4.1,1.0,0.0,-0.3,1.0,0.057956901,0.802247222,0.687735467,0.508310986,162.6765186,440.1506988,236.0107267,146.6738425,162.6765186,83.62346417,6.36e-08,1.0,9,1.469992566,-4.759578543,10.91721299,12,4.73e-08,-1.09e-10,2.47e-07,-0.122499377,0.396631545,-0.909767729,3.18e-08,1.978640822,-1.704640388,403.4824228,-30.30146787,1362.985225,1362.985225,582,20.336
585,20.436,-15.5,2.4,-4.2,-19.6,1.6,-4.0,1.0,0.0,-0.3,1.0,0.06551066,0.80418425,0.685775513,0.506911542,163.6578112,438.8963281,236.6824598,147.5607927,163.6578112,83.88951982,6.41e-08,1.0,9,1.469992566,-4.759578543,10.91721299,12,4.68e-08,1.77e-10,2.47e-07,-0.122499377,0.396631545,-0.909767729,3.2e-08,1.978640822,-1.704640388,403.4824228,-30.30146787,1362.985225,1362.985225,585,20.436
587,20.5,-15.5,2.4,-4.2,-19.5,1.6,-4.0,1.0,0.0,-0.3,1.0,0.075487911,0.804562035,0.683209409,0.505765712,163.9307196,437.254022,237.2324583,147.8398673,163.9307196,84.20089357,6.42e-08,1.0,9,1.469992566,-4.759578543,10.91721299,12,4.62e-08,4.02e-10,2.48e-07,-0.122499377,0.396631545,-0.909767729,3.21e-08,1.978640822,-1.704640388,403.4824228,-30.30146787,1362.985225,1362.985225,587,20.5
588,20.532,-15.5,2.4,-4.2,-19.4,1.6,-3.9,1.0,0.0,-0.3,1.0,0.077238749,0.803497625,0.682781335,0.50593047,164.3837733,436.9800542,237.1533742,148.269018,164.3837733,84.23714154,6.44e-08,1.0,9,1.469992566,-4.759578543,10.91721299,12,4.61e-08,3.79e-10,2.48e-07,-0.122499377,0.396631545,-0.909767729,3.22e-08,1.978640822,-1.704640388,403.4824228,-30.30146787,1362.985225,1362.985225,588,20.532
590,20.6,-15.5,2.4,-4.0,-19.3,1.6,-3.8,1.0,0.0,-0.3,1.0,0.081495226,0.807312521,0.681598642,0.50426002,165.2081941,436.223131,237.9551904,148.9744523,165.2081941,84.43935164,6.48e-08,1.0,9,1.469992566,-4.759578543,10.91721299,12,4.58e-08,7.15e-10,2.48e-07,-0.122499377,0.396631545,-0.909767729,3.24e-08,1.978640822,-1.704640388,403.4824228,-30.30146787,1362.985225,1362.985225,590,20.6
592,20.664,-15.5,2.5,-3.9,-19.1,1.6,-3.8,1.0,0.0,-0.3,0.881523938,0.09131951,0.809753748,0.678988142,0.502461968,166.5167569,434.5524108,238.8182553,150.1541648,166.5167569,84.79185783,6.54e-08,1.0,9,1.469992566,-4.759578543,10.91721299,12,4.52e-08,1.09e-09,2.48e-07,-0.122499377,0.396631545,-0.909767729,3.27e-08,1.978640822,-1.704640388,403.4824228,-30.30146787,1362.985225,1362.985225,592,20.664
593,20.7,-15.5,2.5,-3.9,-19.1,1.6,-3.7,1.0,0.0,-0.3,0.850313996,0.096914647,0.80996583,0.677521462,0.501820768,167.519431,433.6137358,239.1260312,151.0736369,167.519431,84.97381385,6.59e-08,1.0,9,1.469992566,-4.759578543,10.91721299,12,4.48e-08,1.23e-09,2.48e-07,-0.122499377,0.396631545,-0.909767729,3.29e-08,1.978640822,-1.704640388,403.4824228,-30.30146787,1362.985225,1362.985225,593,20.7
594,20.732,-15.5,2.5,-3.9,-19.0,1.6,-3.7,1.0,0.0,-0.3,0.743003929,0.108615127,0.810185183,0.674443737,0.500556875,167.6018744,431.6439914,239.7326998,151.1854646,167.6018744,85.34578665,6.6e-08,1.0,9,1.469992566,-4.759578543,10.91721299,12,4.41e-08,1.48e-09,2.48e-07,-0.122499377,0.396631545,-0.909767729,3.3e-08,1.978640822,-1.704640388,403.4824228,-30.30146787,1362.985225,1362.985225,594,20.732
621,21.788,-9.3,2.9,-5.7,-19.0,1.6,-3.6,1.0,0.0,-0.2,0.808257884,0.293055639,0.87191894,0.621173222,0.463476456,165.8471499,397.5508624,257.5313009,149.0109317,165.8471499,-87.64255541,6.71e-08,1.0,9,1.469992566,-4.759578543,10.91721299,12,3.11e-08,8.74e-09,2.53e-07,-0.122499378,0.396631546,-0.909767728,3.36e-08,1.978640823,-1.704640389,403.4824228,-30.30146787,1362.985225,1362.985225,621,21.788
625,21.916,-15.5,2.7,-4.0,-19.0,1.6,-3.7,1.0,0.0,-0.2,0.926585911,0.224989125,0.844195615,0.641469801,0.478130275,164.2773573,410.5406729,250.4974678,147.97305,164.2773573,89.7153549,6.58e-08,1.0,9,1.469992566,-4.759578543,10.91721299,12,3.61e-08,5.8e-09,2.51e-07,-0.122499377,0.396631546,-0.909767728,3.29e-08,1.978640823,-1.704640389,403.4824228,-30.30146787,1362.985225,1362.985225,625,21.916
641,22.512,-9.3,2.7,-5.5,-18.6,1.6,-3.7,1.0,0.0,-0.2,1.0,0.190828534,0.876237801,0.649421088,0.470924851,161.243763,415.629496,253.9560716,144.7316482,161.243763,89.09190416,6.46e-08,1.0,9,1.469992566,-4.759578543,10.91721299,12,3.82e-08,7.14e-09,2.52e-07,-0.122499377,0.396631546,-0.909767728,3.23e-08,1.978640823,-1.704640389,403.4824228,-30.30146787,1362.985225,1362.985225,641,22.512
643,22.576,-9.3,2.7,-5.5,-18.6,1.6,-3.8,1.0,0.0,-0.2,1.0,0.188706116,0.880970803,0.649766702,0.469599095,161.3688557,415.8506893,254.5924346,144.7726671,161.3688557,89.10013549,6.47e-08,1.0,9,1.469992566,-4.759578543,10.91721299,12,3.83e-08,7.41e-09,2.52e-07,-0.122499377,0.396631546,-0.909767728,3.23e-08,1.978640823,-1.704640389,403.4824228,-30.30146787,1362.985225,1362.985225,643,22.576
653,22.919,-9.3,2.8,-5.5,-18.2,1.6,-3.8,1.0,0.0,-0.2,1.0,0.189120746,0.906777805,0.648259669,0.461278627,163.699774,414.8861881,258.5862588,146.4867951,163.699774,89.52969142,6.58e-08,1.0,9,1.469992566,-4.759578543,10.91721299,12,3.8e-08,9.09e-09,2.52e-07,-0.122499377,0.396631546,-0.909767728,3.29e-08,1.978640823,-1.704640389,403.4824228,-30.30146787,1362.985225,1362.985225,653,22.919
656,23.004,-9.3,2.8,-5.5,-18.1,1.6,-3.9,1.0,0.0,-0.2,1.0,0.187396071,0.914980077,0.648269608,0.458819943,162.563118,414.8925492,259.7664275,145.3524934,162.563118,89.60156839,6.54e-08,1.0,9,1.469992566,-4.759578543,10.91721299,12,3.81e-08,9.56e-09,2.53e-07,-0.122499377,0.396631546,-0.909767728,3.27e-08,1.978640823,-1.704640389,403.4824228,-30.30146787,1362.985225,1362.985225,656,23.004
777,27.224,-9.3,3.2,-5.5,-17.8,1.6,-3.9,1.0,0.0,-0.2,1.0,0.242535297,0.95299207,0.630875321,0.442131719,161.1873063,403.7602051,267.7767749,143.4555641,161.1873063,-88.27678605,1.08e-07,1.0,9,1.4604181,-4.786926258,10.90653589,12,5.59e-08,2.13e-08,4.21e-07,-0.121701504,0.398910523,-0.908877956,5.41e-08,1.981124764,-1.703907554,403.0198728,-32.12070909,1364.319537,1364.319537,777,27.224
783,27.424,-9.3,3.2,-5.5,-17.8,1.6,-4.0,1.0,0.0,-0.2,1.0,0.249891222,0.950330442,0.629024817,0.442375377,161.2903122,402.5758831,267.6598193,143.5881321,161.2903122,-88.0949601,1.08e-07,1.0,9,1.4604181,-4.786926258,10.90653589,12,5.51e-08,2.12e-08,4.21e-07,-0.121701504,0.398910523,-0.908877956,5.42e-08,1.981124764,-1.703907554,403.0198728,-32.12070909,1364.319537,1364.319537,783,27.424
957,33.52,-15.7,1.1,-4.3,-17.4,1.6,-4.0,1.0,-0.1,-0.2,1.0,0.435833665,0.366049347,0.58445719,0.641631386,119.2606542,374.0526017,172.0169347,114.1377704,119.2606542,-87.26465426,5.25e-08,1.0,9,1.478551116,-4.78243777,10.9060617,12,2.36e-08,-2.91e-08,2.74e-07,-0.123212591,0.398536478,-0.908838453,2.63e-08,1.980716895,-1.705546282,404.0543284,-31.87737404,1364.378857,1364.378857,957,33.52
961,33.652,-15.6,1.1,-4.3,-17.3,1.6,-4.1,1.0,-0.1,-0.2,1.0,0.438411104,0.361334641,0.583585611,0.643801493,120.2861973,373.4947909,170.9752832,115.2089244,120.2861973,-87.12156872,5.3e-08,1.0,9,1.478551116,-4.78243777,10.9060617,12,2.33e-08,-2.95e-08,2.74e-07,-0.123212591,0.398536478,-0.908838453,2.65e-08,1.980716895,-1.705546282,404.0543284,-31.87737404,1364.378857,1364.378857,961,33.652
969,33.913,-16.0,0.8,-4.7,-16.9,1.6,-4.1,1.0,-0.1,-0.2,0.52416265,0.681324897,0.252707161,0.308547101,0.723867669,4.49673178,197.4701444,132.5435188,3.997762881,4.49673178,-37.04769706,0.00951002,1.0,9,1.655517133,-4.708828992,12.32057547,12,-0.267437086,-0.234529678,1.35321969,-0.160246185,0.372858276,-0.913946315,0.00475501,1.952883858,-1.744366392,403.3094709,3.040778185,1207.735795,1207.735795,969,33.913
970,33.948,-16.0,0.8,-4.5,-16.9,1.6,-4.2,1.0,-0.1,-0.2,0.421373162,0.590321191,0.218744239,0.535176872,0.730222071,4.566074651,342.5131984,129.493406,4.498731258,4.566074651,-48.18883414,0.009579858,1.0,9,1.655517133,-4.708828992,12.32057547,12,0.047331919,-0.232334505,1.303555115,-0.134015435,0.373041207,-0.918085029,0.004789929,1.953081013,-1.715745376,403.3094709,3.040778185,1207.735795,1207.735795,970,33.948
1010,35.364,-16.0,0.8,-4.3,-16.9,1.6,-4.1,1.0,-0.2,-0.2,0.257723532,0.483322426,0.269904285,0.241512417,0.717319055,5.304996147,154.567947,135.6868534,4.561660415,5.304996147,-36.91261117,0.011291108,1.0,9,1.655517133,-4.708828992,12.32057547,12,-0.366215523,-0.230906965,1.372479221,-0.168477721,0.373160169,-0.912341354,0.005645554,1.953209234,-1.753404377,403.3094709,3.040778185,1207.735795,1207.735795,1010,35.364
1069,37.44,-15.5,1.8,-4.9,-16.9,1.6,-4.2,1.0,-0.2,-0.2,0.0,0.701367681,0.693137803,0.5,0.5,0.0,320.0,240.0,0.0,0.0,90.0,0.0,1.0,9,1.919680628,-4.655169463,14.11665286,12,0.0,0.0,0.0,0.0,0.0,0.0,0.0,0.0,0.0,404.3119117,35.5460763,1054.07423,1054.07423,1069,37.44
1123,39.285,-15.5,0.8,-4.4,-16.8,1.6,-4.2,0.9,-0.2,-0.3,0.479532327,0.425253929,0.326892887,0.207544218,0.687056412,13.79975803,132.8282995,150.2129221,11.36544679,13.79975803,-32.30997062,0.069870952,1.0,9,1.919680628,-4.655169463,14.11665286,12,-0.981353113,-0.470601359,3.250494709,-0.241752812,0.348714009,-0.905513179,0.034935476,1.926994959,-1.831690096,404.3119117,35.5460763,1054.07423,1054.07423,1123,39.285
1590,55.86,-17.1,1.8,-0.3,-16.8,1.6,-4.1,0.1,-0.1,1.0,0.99428659,0.262128835,0.705442862,0.635580537,0.520907435,139.3477486,406.7715434,229.9644313,133.99285,139.3477486,-81.39030339,1.370009921,1.0,91,3.097829603,-3.122706467,17.54127915,12,0.846575488,-0.081139321,6.153534675,-0.18760451,0.253463929,-0.948978706,0.685004961,1.827055774,-1.765970671,429.4934034,129.6273189,848.2847729,848.2847729,1590,55.86
1593,55.96,-17.1,1.8,-0.3,-16.9,1.6,-4.0,0.1,-0.1,1.0,1.0,0.259644591,0.705613947,0.636262625,0.521066357,139.5121935,407.2080801,229.8881485,134.1487691,139.5121935,-81.61645541,1.371250581,1.0,91,3.097829603,-3.122706467,17.54127915,12,0.850756953,-0.081845276,6.152520317,-0.187256054,0.253405099,-0.949063236,0.685625291,1.826994959,-1.765600351,429.4934034,129.6273189,848.2847729,848.2847729,1593,55.96
1596,56.06,-17.2,1.8,-0.3,-16.9,1.6,-3.8,0.1,-0.1,1.0,1.0,0.265184616,0.704803278,0.63474814,0.520859127,139.531117,406.2388094,229.9876191,134.1775992,139.531117,-81.11878592,1.372240918,1.0,91,3.097829603,-3.122706467,17.54127915,12,0.841370796,-0.080870331,6.154636686,-0.188038234,0.253486345,-0.948886872,0.686120459,1.827078946,-1.766428938,429.4934034,129.6273189,848.2847729,848.2847729,1596,56.06
1598,56.124,-17.2,1.9,-0.3,-17.0,1.6,-3.7,0.1,-0.1,1.0,1.0,0.269048358,0.707807497,0.633620767,0.519497436,140.0184246,405.5172906,230.6412308,134.5968437,140.0184246,-80.67602262,1.377941261,1.0,91,3.097829603,-3.122706467,17.54127915,12,0.834491365,-0.074256985,6.157771088,-0.18861152,0.254037457,-0.948625672,0.68897063,1.827648709,-1.767062859,429.4934034,129.6273189,848.2847729,848.2847729,1598,56.124
1600,56.193,-17.3,1.9,-0.3,-17.0,1.6,-3.5,0.1,-0.1,1.0,0.990880798,0.274973557,0.708111723,0.631967969,0.518879864,141.2147896,404.4595002,230.9376652,135.7354966,141.2147896,-80.10119845,1.390715239,1.0,91,3.097829603,-3.122706467,17.54127915,12,0.824065208,-0.071004818,6.160720616,-0.189480366,0.254308471,-0.948379878,0.69535762,1.827928925,-1.767993555,429.4934034,129.6273189,848.2847729,848.2847729,1600,56.193
1601,56.227,-17.3,1.9,-0.3,-17.1,1.6,-3.5,0.1,-0.1,1.0,0.991267039,0.279656017,0.70902732,0.630643627,0.518163353,141.7233201,403.6119212,231.2815906,136.2039634,141.7233201,-79.63363523,1.396574458,0.012934935,91,3.097829603,-3.122706467,17.54127915,12,0.815830347,-0.067457353,6.163320973,-0.190166605,0.254604093,-0.948163181,0.698287229,1.828234609,-1.768733329,429.4934034,129.6273189,848.2847729,848.2847729,1601,56.227
1605,56.388,-17.4,1.9,-0.3,-17.1,1.6,-3.3,0.1,-0.1,1.0,1.0,0.307518147,0.707027011,0.622843621,0.516482007,143.2416522,398.6199173,232.0886368,137.6431654,143.2416522,-76.99555477,1.415897713,0.138276025,91,3.097829603,-3.122706467,17.54127915,12,0.767098305,-0.05906893,6.175461244,-0.194227608,0.255303128,-0.947151492,0.707948857,1.828957535,-1.773057289,429.4934034,129.6273189,848.2847729,848.2847729,1605,56.388
1606,56.42,-17.4,1.9,-0.3,-17.2,1.6,-3.2,0.1,-0.1,1.0,0.965766827,0.312704724,0.707728204,0.621354878,0.515810287,143.3499718,397.6671221,232.4110621,137.7218635,143.3499718,-76.48195375,1.417879172,0.1353246,91,3.097829603,-3.122706467,17.54127915,12,0.757870179,-0.055832875,6.178230427,-0.194996619,0.255572799,-0.946920727,0.708939586,1.829236459,-1.77388445,429.4934034,129.6273189,848.2847729,848.2847729,1606,56.42
1656,58.2,-16.6,2.0,-0.4,-17.2,1.6,-1.8,0.1,-0.1,1.0,0.0,0.701367681,0.693137803,0.5,0.5,0.0,320.0,240.0,0.0,0.0,90.0,0.0,1.0,95,2.286297633,-3.139387002,11.3541671,12,0.0,0.0,0.0,0.0,0.0,0.0,0.0,0.0,0.0,444.8444312,68.57219512,1310.532061,1310.532061,1656,58.2
1671,58.762,-17.2,1.8,-0.3,-17.1,1.6,-1.8,0.1,-0.1,1.0,0.611380345,105.4423433,89.04934648,-0.790961325,-2.87144998,787.2314665,-506.215248,1858.295991,644.0742465,787.2314665,168.1196289,0.522297056,1.0,95,2.286297633,-3.139387002,11.3541671,12,-0.233296429,-0.115975894,0.017914142,-0.209966172,0.251950926,-0.944687746,0.261148528,1.825492015,-1.789501145,444.8444312,68.57219512,1310.532061,1310.532061,1671,58.762
1685,59.256,-17.2,1.8,-0.3,-17.1,1.6,-0.9,0.1,-0.1,1.0,1.0,105.4424648,89.04939945,-0.790960876,-2.871450446,787.2265403,-506.2149605,1858.296214,644.0785943,787.2265403,168.119994,0.52229683,1.0,95,2.286297633,-3.139387002,11.3541671,12,-0.233296429,-0.115975894,0.017914142,-0.209966172,0.251950926,-0.944687746,0.261148415,1.825492015,-1.789501145,444.8444312,68.57219512,1310.532061,1310.532061,1685,59.256
2087,73.788,-13.5,2.0,0.0,-14.3,1.6,-0.9,0.4,-0.1,0.9,0.028025528,-28.69932225,6.843180213,1.923565873,-0.212439689,3204.484353,1231.082159,581.9710508,963.7119413,3204.484353,85.50639775,5.012646926,1.0,97,1.499911843,-4.453144236,11.84209508,12,0.872505477,2.011184904,1.751564365,-0.052283864,0.538694095,-0.840877559,2.506323463,2.139682634,-1.632894121,398.5287854,6.852958971,1256.534414,1256.534414,2087,73.788
2141,75.764,-14.3,1.1,0.4,-14.8,1.6,-0.9,0.3,-0.1,0.9,0.010145266,9.649425295,6.475541278,-0.371504966,0.252938572,1873.546007,-237.7631785,358.5894853,771.3774004,1873.546007,-54.33549795,3.516386948,1.0,97,1.499911843,-4.453144236,11.84209508,12,-1.296967753,0.983542622,1.516403789,-0.2330733,0.453057238,-0.860474274,1.758193474,2.04098808,-1.835315225,398.5287854,6.852958971,1256.534414,1256.534414,2141,75.764
2166,76.656,-14.1,1.6,0.4,-14.7,1.6,-0.9,0.4,-0.1,0.9,0.81811888,0.562998484,0.552310967,0.545584694,0.554306297,135.2999473,349.1742043,213.9329774,127.2772326,135.2999473,-77.44041453,0.170743498,1.0,97,1.499911843,-4.453144236,11.84209508,12,0.035762077,-0.029728225,0.783629709,-0.12201248,0.368618001,-0.921538781,0.085371749,1.948318218,-1.702431512,398.5287854,6.852958971,1256.534414,1256.534414,2166,76.656
2167,76.688,-14.0,1.6,0.4,-14.7,1.6,-1.0,0.4,-0.1,0.9,1.0,0.564321918,0.55538763,0.545135285,0.553059428,136.2953475,348.8865825,214.5314745,128.1548267,136.2953475,-77.3713081,0.172078962,1.0,97,1.499911843,-4.453144236,11.84209508,12,0.035398977,-0.028938586,0.783993682,-0.122042739,0.368683804,-0.921508449,0.086039481,1.948389007,-1.702468065,398.5287854,6.852958971,1256.534414,1256.534414,2167,76.688
2173,76.888,-11.3,3.7,-0.7,-14.4,1.6,-1.0,0.4,-0.1,0.9,0.019285623,1.669260008,1.407390801,0.328613115,0.357548493,569.6063922,210.3123934,308.3767234,450.2080446,569.6063922,-60.70927178,2.247049276,1.0,97,1.605858452,-4.573887485,13.19792468,12,-0.504133531,0.452955123,2.507798995,-0.175832665,0.418903551,-0.890843807,1.123524638,2.003033808,-1.765669138,395.4385454,25.13210912,1127.449986,1127.449986,2173,76.888
2175,76.952,-11.3,3.7,-0.7,-14.3,1.6,-1.1,0.4,-0.1,0.9,0.03516268,1.451811011,1.585283232,0.403749724,0.301749908,564.3409166,258.3998231,335.1600443,446.0745369,564.3409166,-67.39884138,2.247767353,1.0,97,1.605858452,-4.573887485,13.19792468,12,-0.311468739,0.561824196,2.52326675,-0.159777266,0.427975973,-0.889554828,1.123883677,2.013048426,-1.748516187,395.4385454,25.13210912,1127.449986,1127.449986,2175,76.952
2178,77.053,-11.4,3.1,-0.3,-14.1,1.6,-1.1,0.4,-0.1,0.9,0.034001174,1.466246423,1.192609986,0.332804726,0.397946245,578.7275343,212.9950248,288.9858022,466.7880814,578.7275343,-59.55041027,2.245527585,1.0,97,1.605858452,-4.573887485,13.19792468,12,-0.488025925,0.375259921,2.468451808,-0.174490365,0.412428951,-0.89412274,1.122763793,1.995915061,-1.763526596,395.4385454,25.13210912,1127.449986,1127.449986,2178,77.053
2251,79.623,-12.4,2.5,-0.3,-14.3,1.6,-1.1,0.3,-0.1,1.0,0.02998814,-5.24111823,-0.233979061,1.056684229,0.774487368,394.3780392,676.2779065,108.2460632,325.774978,394.3780392,50.1428676,1.118464627,0.409868292,97,1.605858452,-4.573887485,13.19792468,12,1.115639177,-0.362742072,1.971797151,-0.040851606,0.350928784,-0.935510628,0.559232313,1.929359111,-1.614436312,395.4385454,25.13210912,1127.449986,1127.449986,2251,79.623
2253,79.688,-13.6,1.9,0.4,-14.3,1.6,-1.0,0.3,-0.1,1.0,0.04331704,0.573087219,0.672393045,0.542602362,0.510722825,314.1524844,347.2655119,234.8530441,288.1332886,314.1524844,-76.90937471,1.119269233,0.364154185,97,1.605858452,-4.573887485,13.19792468,12,0.080325971,0.031211668,2.222232794,-0.127127707,0.383758263,-0.914640991,0.559634617,1.964659077,-1.70890343,395.4385454,25.13210912,1127.449986,1127.449986,2253,79.688
2342,82.885,-14.6,1.1,0.4,-14.2,1.6,-0.9,0.3,-0.1,0.9,0.093706313,0.167585122,0.296698757,0.642121121,0.683438236,214.4037285,410.9575173,151.9496466,206.7758952,214.4037285,65.59828684,0.862009421,1.0,97,1.585268837,-4.456881381,13.74094059,12,0.36389364,-0.335521166,2.537252238,-0.101781266,0.343446685,-0.933640696,0.431004711,1.921380691,-1.679382977,391.5283406,38.90267051,1082.895302,1082.895302,2342,82.885
2353,83.248,-13.7,1.3,0.4,-14.0,1.6,-0.9,0.3,-0.1,0.9,0.138888635,0.492847795,0.420372384,0.568538877,0.613285563,205.536168,363.8648815,185.6229298,197.7896593,205.536168,-82.94646367,0.861777394,1.0,97,1.585268837,-4.456881381,13.74094059,12,0.17609391,-0.204507911,2.608485965,-0.117431244,0.354364456,-0.927704552,0.430888697,1.933030658,-1.696709258,391.5283406,38.90267051,1082.895302,1082.895302,2353,83.248
2508,88.78,-9.3,1.5,-4.4,-14.0,1.6,-1.0,0.8,-0.1,-0.5,0.0,0.701367681,0.693137803,0.5,0.5,0.0,320.0,240.0,0.0,0.0,90.0,0.0,1.0,101,3.825590476,-4.338657788,27.3435222,12,0.0,0.0,0.0,0.0,0.0,0.0,0.0,0.0,0.0,406.7432541,141.6232141,544.1873908,544.1873908,2508,88.78
2509,88.817,-9.3,0.4,-4.2,-13.9,1.6,-1.0,0.8,-0.1,-0.5,0.05825601,0.664806529,0.277883854,0.505672465,0.684938774,67.51653148,323.6303774,151.2293884,63.58967129,67.51653148,-5.174505568,1.738468392,1.0,101,3.825590476,-4.338657788,27.3435222,12,0.080725516,-2.30067528,16.12645424,-0.31207208,0.169831876,-0.934755664,0.869234196,1.741455391,-1.893015565,406.7432541,141.6232141,544.1873908,544.1873908,2509,88.817
2512,88.912,-9.3,1.5,-4.4,-13.8,1.6,-1.1,0.8,-0.1,-0.5,0.0,0.701367681,0.693137803,0.5,0.5,0.0,320.0,240.0,0.0,0.0,90.0,0.0,1.0,101,3.825590476,-4.338657788,27.3435222,12,0.0,0.0,0.0,0.0,0.0,0.0,0.0,0.0,0.0,406.7432541,141.6232141,544.1873908,544.1873908,2512,88.912
2515,89.012,-9.3,1.2,-3.5,-13.6,1.6,-1.1,0.9,-0.1,-0.5,0.226894708,0.382346037,0.524292702,0.602761181,0.576895337,66.91027256,385.7671557,203.0902384,64.95478769,66.91027256,-78.34532049,1.723645046,1.0,101,3.825590476,-4.338657788,27.3435222,12,1.692484314,-0.941850987,16.03372284,-0.177758847,0.283067233,-0.94248328,0.861822523,1.857786966,-1.757213366,406.7432541,141.6232141,544.1873908,544.1873908,2515,89.012
2517,89.08,-9.3,1.2,-3.5,-13.5,1.6,-1.2,0.9,-0.1,-0.5,0.178975183,0.418174845,0.532962977,0.592328791,0.570998063,66.89526542,379.0904264,205.9209296,64.70566965,66.89526542,-71.77917285,1.731372094,1.0,101,3.825590476,-4.338657788,27.3435222,12,1.524407052,-0.871375377,16.0881898,-0.191765285,0.288940201,-0.937944367,0.865686047,1.863915963,-1.772469668,406.7432541,141.6232141,544.1873908,544.1873908,2517,89.08
2519,89.177,-9.3,1.2,-3.3,-13.4,1.6,-1.2,0.9,-0.1,-0.5,0.125553146,0.374044996,0.501404899,0.604877472,0.586473211,66.73508639,387.1215823,198.4928588,65.09332871,66.73508639,-80.24779914,1.714623978,1.0,101,3.825590476,-4.338657788,27.3435222,12,1.723335728,-1.058516824,15.99357946,-0.175187896,0.27334508,-0.945828562,0.857311989,1.847665167,-1.753942368,406.7432541,141.6232141,544.1873908,544.1873908,2519,89.177
2520,89.244,-9.3,1.3,-3.5,-13.3,1.6,-1.3,0.9,-0.1,-0.5,0.097254464,0.446198415,0.543109835,0.583836727,0.565120524,66.69523014,373.6555054,208.7421485,64.2113521,66.69523014,-67.28637516,1.732936889,1.0,101,3.825590476,-4.338657788,27.3435222,12,1.387363007,-0.800565099,16.13919505,-0.203185622,0.294841057,-0.933693929,0.866468445,1.870085504,-1.785070415,406.7432541,141.6232141,544.1873908,544.1873908,2520,89.244
2544,90.068,-7.6,3.7,-2.7,-13.0,1.6,-1.3,0.9,-0.1,-0.5,0.167937815,-0.325861775,1.347592794,0.746747181,0.3786978,72.18747436,477.918196,298.2250561,56.20187926,72.18747436,70.84974245,1.932084065,1.0,101,3.825590476,-4.338657788,27.3435222,12,4.311840291,1.612785231,16.93468523,0.040520818,0.495953585,-0.867403081,0.966042033,2.089728973,-1.524115169,406.7432541,141.6232141,544.1873908,544.1873908,2544,90.068
2545,90.103,-9.3,2.9,-2.5,-13.0,1.6,-1.4,0.9,-0.1,-0.5,0.166301511,0.042964812,1.037451326,0.679483431,0.434242541,73.89118888,434.869396,271.5635805,63.7331121,73.89118888,81.21810719,1.943832151,1.0,101,3.825590476,-4.338657788,27.3435222,12,3.062323521,0.86459113,16.55725203,-0.06360558,0.433604076,-0.898855848,0.971916075,2.019284898,-1.641441394,406.7432541,141.6232141,544.1873908,544.1873908,2545,90.103
2554,90.398,-9.2,4.1,-1.4,-12.4,1.6,-1.4,0.9,-0.1,-0.5,0.201895807,-0.394368262,1.431581815,0.751589963,0.358570512,71.6381829,481.0175766,307.8861545,53.85976879,71.6381829,71.07871699,1.937079635,1.0,101,3.825590476,-4.338657788,27.3435222,12,4.441770855,1.895966066,17.10878785,0.051348365,0.519551988,-0.852894529,0.968539817,2.117122859,-1.510664085,406.7432541,141.6232141,544.1873908,544.1873908,2554,90.398
2556,90.468,-7.7,3.7,-2.4,-12.3,1.6,-1.5,0.9,-0.1,-0.5,0.177182282,-0.290096137,1.33306006,0.738299448,0.378297893,72.28183553,472.511647,298.4170115,56.58874738,72.28183553,72.31754136,1.935517594,1.0,101,3.825590476,-4.338657788,27.3435222,12,4.16295501,1.617855484,16.93169552,0.028113711,0.496376106,-0.867652223,0.967758797,2.09021562,-1.538405609,406.7432541,141.6232141,544.1873908,544.1873908,2556,90.468
2563,90.792,-9.3,2.4,-2.7,-11.8,1.6,-1.5,0.9,-0.1,-0.5,1.0,0.336716101,0.845635799,0.610048892,0.468493779,145.8691057,390.431291,255.122986,130.7782393,145.8691057,-81.10653009,3.859944213,1.0,101,3.825590476,-4.338657788,27.3435222,12,1.840077711,0.483835601,16.53605735,-0.165459397,0.401874449,-0.900622071,1.929972106,1.98435928,-1.752487065,406.7432541,141.6232141,544.1873908,544.1873908,2563,90.792
2564,90.824,-9.3,2.4,-2.7,-11.8,1.6,-1.6,0.9,-0.1,-0.5,1.0,0.339765189,0.845489624,0.609194543,0.468318679,146.3384526,389.8845077,255.2070342,131.1638239,146.3384526,-80.8540703,3.873609103,0.006616916,101,3.825590476,-4.338657788,27.3435222,12,1.825467424,0.48673638,16.54004688,-0.166676921,0.402116181,-0.90028961,1.936804551,1.984623282,-1.75386056,406.7432541,141.6232141,544.1873908,544.1873908,2564,90.824
2569,90.988,-9.3,2.4,-2.7,-11.6,1.6,-1.6,0.9,-0.1,-0.5,1.0,0.359934893,0.844777341,0.603528384,0.467119294,145.4951828,386.2581659,255.782739,130.1870808,145.4951828,-79.2123479,3.859331083,0.17284852,101,3.825590476,-4.338657788,27.3435222,12,1.730366907,0.502019838,16.56493796,-0.174601964,0.403389802,-0.898215354,1.929665541,1.986014749,-1.76278961,406.7432541,141.6232141,544.1873908,544.1873908,2569,90.988
2591,91.719,-9.3,2.4,-2.7,-11.6,1.6,-1.8,0.9,-0.1,-0.5,1.0,0.309653796,0.841520464,0.617848558,0.471841984,148.3008642,395.4230771,253.5158479,133.4021553,148.3008642,-83.38396362,3.911158857,0.426192313,101,3.825590476,-4.338657788,27.3435222,12,1.969001577,0.442165484,16.4947063,-0.154715742,0.398401939,-0.904067992,1.955579428,1.980570208,-1.740287318,406.7432541,141.6232141,544.1873908,544.1873908,2591,91.719
2592,91.75,-9.3,2.4,-2.7,-11.5,1.6,-1.8,0.9,-0.1,-0.5,1.0,0.3089726,0.843475571,0.617958917,0.471270516,148.5012104,395.4937066,253.7901522,133.5112693,148.5012104,-83.41478399,3.917061085,0.438006133,101,3.825590476,-4.338657788,27.3435222,12,1.971171146,0.449854831,16.49772689,-0.154534944,0.399042718,-0.903816276,1.958530543,1.981268931,-1.740139273,406.7432541,141.6232141,544.1873908,544.1873908,2592,91.75
2594,91.814,-9.3,2.4,-2.8,-11.5,1.6,-1.9,0.9,-0.1,-0.5,1.0,0.309536893,0.843851138,0.617784204,0.471106778,148.5750117,395.3818907,253.8687466,133.5564363,148.5750117,-83.36243805,3.919422641,0.455743818,101,3.825590476,-4.338657788,27.3435222,12,1.968289216,0.45209306,16.49920856,-0.154775105,0.399229237,-0.903692803,1.959711321,1.981472356,-1.740420164,406.7432541,141.6232141,544.1873908,544.1873908,2594,91.814
2595,91.849,-9.3,2.4,-2.8,-11.4,1.6,-1.9,0.9,-0.1,-0.5,1.0,0.309769574,0.844713771,0.617682504,0.470813473,148.1646622,395.3168023,254.0095328,133.1550768,148.1646622,-83.33476594,3.909058711,0.463847574,101,3.825590476,-4.338657788,27.3435222,12,1.966948307,0.455465938,16.50092901,-0.154886847,0.399510311,-0.903549432,1.954529355,1.98177894,-1.740566708,406.7432541,141.6232141,544.1873908,544.1873908,2595,91.849
2597,91.945,-9.3,2.3,-2.9,-11.4,1.6,-2.0,0.9,-0.1,-0.5,0.152609004,0.316672995,0.82112177,0.616685473,0.477841137,124.7029489,394.6787026,250.6362541,112.9309634,124.7029489,-83.18341749,3.282298042,0.482161181,101,3.825590476,-4.338657788,27.3435222,12,1.95506011,0.339676048,16.45250257,-0.15587753,0.389861153,-0.90758497,1.641149021,1.971277137,-1.740886635,406.7432541,141.6232141,544.1873908,544.1873908,2597,91.945
2598,92.012,-9.3,2.4,-2.9,-11.3,1.6,-2.1,0.9,-0.1,-0.5,0.187475751,0.302548869,0.842875534,0.619793695,0.471965465,124.9614246,396.6679651,253.4565766,112.5793128,124.9614246,-84.10110421,3.292328445,0.482161181,101,3.825590476,-4.338657788,27.3435222,12,2.011219226,0.415973848,16.47606919,-0.151197604,0.396219303,-0.905621084,1.646164223,1.978191789,-1.736225141,406.7432541,141.6232141,544.1873908,544.1873908,2598,92.012
2600,92.076,-9.3,2.4,-2.9,-11.3,1.6,-2.2,0.9,-0.1,-0.5,0.128063318,0.312718581,0.833748515,0.61730296,0.474090749,125.3337316,395.0738944,252.4364404,113.1243376,125.3337316,-83.3612582,3.302283072,0.46024393,101,3.825590476,-4.338657788,27.3435222,12,1.967688489,0.38888141,16.47160547,-0.154825166,0.3939616,-0.905993061,1.651141536,1.975734136,-1.74005137,406.7432541,141.6232141,544.1873908,544.1873908,2600,92.076
2602,92.145,-9.3,2.4,-3.1,-11.2,1.6,-2.2,0.9,-0.1,-0.5,1.0,0.339963384,0.842649075,0.609249945,0.469203457,149.1155666,389.9199645,254.7823406,133.7387143,149.1155666,-80.84423636,3.946118785,0.427125657,101,3.825590476,-4.338657788,27.3435222,12,1.824514856,0.478315253,16.53646584,-0.166756302,0.40141442,-0.90058803,1.973059392,1.983856952,-1.753886468,406.7432541,141.6232141,544.1873908,544.1873908,2602,92.145
2604,92.21,-9.3,2.4,-3.1,-11.2,1.6,-2.3,0.9,-0.1,-0.5,1.0,0.335110057,0.849353272,0.61035334,0.46743495,149.8540755,390.6261377,255.631224,134.183929,149.8540755,-81.18203742,3.966711816,0.433235686,101,3.825590476,-4.338657788,27.3435222,12,1.844046727,0.50228163,16.54357822,-0.165128646,0.403411618,-0.899995331,1.983355908,1.986038591,-1.75225531,406.7432541,141.6232141,544.1873908,544.1873908,2604,92.21
2607,92.319,-9.3,2.5,-3.1,-11.1,1.6,-2.4,0.9,-0.1,-0.5,1.0,0.325305336,0.852397161,0.612989049,0.46719324,149.8191253,392.3129916,255.7472446,134.1479255,149.8191253,-81.95494421,3.962998381,0.457044691,101,3.825590476,-4.338657788,27.3435222,12,1.889001659,0.505183363,16.53672681,-0.161382401,0.403653429,-0.900566283,1.981499191,1.986302875,-1.748115257,406.7432541,141.6232141,544.1873908,544.1873908,2607,92.319
2639,93.46,-9.3,2.5,-3.3,-11.1,1.6,-2.5,0.9,-0.1,-0.5,1.0,0.367529796,0.861244062,0.600780574,0.461458592,153.619738,384.4995671,258.4998757,136.5702061,153.619738,-78.48600272,4.086574049,0.651779352,101,3.825590476,-4.338657788,27.3435222,12,1.682870072,0.586431257,16.61262069,-0.178560034,0.410424087,-0.894241792,2.043287024,1.993715402,-1.767881845,406.7432541,141.6232141,544.1873908,544.1873908,2639,93.46
2643,93.592,-9.3,2.5,-3.3,-10.9,1.6,-2.5,0.9,-0.1,-0.5,1.0,0.373376082,0.86441932,0.599026265,0.460092335,151.5506605,383.3768094,259.1556793,134.5312091,151.5506605,-78.03002783,4.035382546,0.688850259,101,3.825590476,-4.338657788,27.3435222,12,1.654843914,0.602186547,16.62550388,-0.180895547,0.411737028,-0.893168193,2.017691273,1.995155663,-1.770625749,406.7432541,141.6232141,544.1873908,544.1873908,2643,93.592
2645,93.66,-9.3,2.6,-3.0,-10.8,1.6,-2.6,0.9,-0.1,-0.5,0.242771392,0.265881377,0.866397466,0.629023331,0.467421479,146.5051367,402.5749318,255.6376898,131.249293,146.5051367,-86.6228658,3.856999397,0.699590513,101,3.825590476,-4.338657788,27.3435222,12,2.162177581,0.497052599,16.48769599,-0.138617741,0.402975866,-0.904652184,1.928499698,1.985562418,-1.72284141,406.7432541,141.6232141,544.1873908,544.1873908,2645,93.66
2647,93.734,-9.3,2.4,-2.7,-10.7,1.6,-2.6,0.9,-0.1,-0.5,0.99,0.18095083,0.788718733,0.655735732,0.500439876,149.5124554,419.6708688,239.7888595,137.0856004,149.5124554,84.31666922,3.866899946,0.700042784,101,3.825590476,-4.338657788,27.3435222,12,2.585441787,0.07262043,16.25286597,-0.103345724,0.367606518,-0.924221353,1.933449973,1.947230346,-1.682152981,406.7432541,141.6232141,544.1873908,544.1873908,2647,93.734
2649,93.794,-9.3,2.4,-2.7,-10.6,1.6,-2.7,0.9,-0.1,-0.5,1.0,0.172319976,0.799271713,0.657743527,0.497795931,149.4885936,420.9558572,241.0579531,136.7269427,149.4885936,83.88505427,3.867522053,0.70146454,101,3.825590476,-4.338657788,27.3435222,12,2.621212792,0.106344861,16.26239293,-0.100364807,0.370416887,-0.923427439,1.933761027,1.950254121,-1.679058633,406.7432541,141.6232141,544.1873908,544.1873908,2649,93.794
2654,93.957,-9.2,2.5,-2.7,-10.4,1.6,-2.7,0.9,-0.1,-0.5,1.0,0.175661801,0.807315294,0.656565479,0.494828182,150.7879733,420.2019064,242.4824728,137.6370339,150.7879733,84.41596126,3.906049339,0.697603116,101,3.825590476,-4.338657788,27.3435222,12,2.603466672,0.145765505,16.28023331,-0.10184365,0.373701941,-0.921940741,1.95302467,1.953793255,-1.680816842,406.7432541,141.6232141,544.1873908,544.1873908,2654,93.957
2861,101.374,-12.9,2.0,-9.7,-10.4,1.6,-2.8,-0.3,0.0,-0.9,1.0,0.430254598,0.660502827,0.587749135,0.523123093,152.0736326,376.1594464,228.9009155,142.4341153,152.0736326,-68.88842313,3.777453899,1.0,101,3.944219995,-4.206472117,26.47637012,12,1.351693384,-0.205600193,15.46402116,-0.216043884,0.333405994,-0.917695747,1.88872695,1.910710305,-1.802006219,412.3622228,141.4965911,562.0105751,562.0105751,2861,101.374
2864,101.468,-13.0,1.8,-9.7,-10.5,1.6,-2.9,-0.3,0.0,-0.9,0.177065197,0.469433166,0.581573635,0.576447788,0.548927999,167.8693722,368.9265841,216.5145604,159.2550908,167.8693722,-61.56296415,4.161320683,1.0,101,3.944219995,-4.206472117,26.47637012,12,1.152400044,-0.502118461,15.40914349,-0.232651663,0.308696138,-0.922268886,2.080660341,1.884618242,-1.817901031,412.3622228,141.4965911,562.0105751,562.0105751,2864,101.468
2867,101.568,-12.8,1.8,-9.7,-10.5,1.6,-3.1,-0.3,0.0,-0.9,0.207539757,0.400587025,0.576573293,0.59753238,0.55562987,169.2113085,382.420723,213.2976623,162.0354388,169.2113085,-70.78403137,4.159693693,1.0,101,3.944219995,-4.206472117,26.47637012,12,1.483231485,-0.57802903,15.30596564,-0.205082376,0.302370257,-0.93086704,2.079846846,1.87797466,-1.787645434,412.3622228,141.4965911,562.0105751,562.0105751,2867,101.568
2869,101.633,-13.0,1.7,-9.7,-10.6,1.6,-3.2,-0.3,0.0,-0.9,0.212038821,0.492312237,0.550023126,0.569272592,0.559387465,167.633605,364.3344586,211.4940166,159.5755122,167.633605,-56.83444952,4.155243528,1.0,101,3.944219995,-4.206472117,26.47637012,12,1.035340542,-0.628876851,15.39759616,-0.242406621,0.298132939,-0.923231163,2.077621764,1.87353237,-1.827563876,412.3622228,141.4965911,562.0105751,562.0105751,2869,101.633
2872,101.733,-12.9,1.7,-9.7,-10.6,1.6,-3.4,-0.3,0.0,-0.9,1.0,0.457755041,0.536144876,0.580262327,0.56704147,155.1549583,371.3678892,207.8200942,149.0511121,155.1549583,-60.72724715,3.825986718,1.0,101,3.944219995,-4.206472117,26.47637012,12,1.216107586,-0.729116622,15.31996383,-0.227342701,0.289779625,-0.929700525,1.912993359,1.864792902,-1.810623242,412.3622228,141.4965911,562.0105751,562.0105751,2872,101.733
2873,101.764,-12.9,1.7,-9.7,-10.7,1.6,-3.5,-0.3,0.0,-0.9,1.0,0.459869382,0.532211333,0.579604274,0.568436699,154.5438787,370.9467355,207.1503845,148.5504784,154.5438787,-60.15836658,3.810587332,1.0,101,3.944219995,-4.206472117,26.47637012,12,1.205715522,-0.746305595,15.31716581,-0.228208706,0.28834721,-0.929933693,1.905293666,1.86329661,-1.811443935,412.3622228,141.4965911,562.0105751,562.0105751,2873,101.764
2876,101.864,-12.9,1.6,-9.7,-10.7,1.6,-3.7,-0.3,0.0,-0.9,1.0,0.464238168,0.525017493,0.578236201,0.570973786,154.1834153,370.0711685,205.9325829,148.3423303,154.1834153,-58.99926691,3.801334743,1.0,101,3.944219995,-4.206472117,26.47637012,12,1.183637876,-0.776953152,15.31314541,-0.23004851,0.285793247,-0.930268726,1.900667372,1.860630425,-1.813225167,412.3622228,141.4965911,562.0105751,562.0105751,2876,101.864
2877,101.897,-12.9,1.6,-9.7,-10.8,1.6,-3.7,-0.3,0.0,-0.9,1.0,0.46536326,0.523698103,0.577882591,0.571420418,154.5244453,369.844858,205.7181994,148.6856579,154.5244453,-58.72989736,3.809829461,1.0,101,3.944219995,-4.206472117,26.47637012,12,1.177705765,-0.782036238,15.3130535,-0.230542853,0.285369657,-0.930276385,1.90491473,1.860188428,-1.813723956,412.3622228,141.4965911,562.0105751,562.0105751,2877,101.897
2880,101.996,-12.9,1.6,-9.7,-10.8,1.6,-3.9,-0.3,0.0,-0.9,1.0,0.469507952,0.51747602,0.57657346,0.57361571,153.3401983,369.0070147,204.664459,147.6561053,153.3401983,-57.62813882,3.780399543,1.0,101,3.944219995,-4.206472117,26.47637012,12,1.157233919,-0.809288061,15.30981967,-0.23224884,0.283098671,-0.930545871,1.890199771,1.857819745,-1.815382895,412.3622228,141.4965911,562.0105751,562.0105751,2880,101.996
2881,102.036,-12.9,1.6,-9.7,-10.9,1.6,-4.0,-0.3,0.0,-0.9,1.0,0.471213667,0.515446061,0.576032984,0.574313182,152.9885337,368.6611095,204.3296725,147.3438503,152.9885337,-57.20676419,3.771794864,1.0,101,3.944219995,-4.206472117,26.47637012,12,1.148754797,-0.817948589,15.30930772,-0.232955433,0.282376961,-0.930588533,1.885897432,1.857067334,-1.816086773,412.3622228,141.4965911,562.0105751,562.0105751,2881,102.036
2884,102.128,-13.0,1.8,-9.7,-10.9,1.6,-4.2,-0.3,0.0,-0.9,0.317101674,0.499564693,0.594206678,0.56675466,0.542294973,163.3615077,362.7229822,219.6984131,153.7699801,163.3615077,-58.61976833,4.06794489,1.0,101,3.944219995,-4.206472117,26.47637012,12,1.003194634,-0.4280673,15.47300578,-0.245085447,0.314867068,-0.916947029,2.033972445,1.891112922,-1.831975159,412.3622228,141.4965911,562.0105751,562.0105751,2884,102.128
2886,102.228,-13.1,1.8,-9.7,-11.0,1.6,-4.2,-0.3,0.0,-0.9,0.297996437,0.520227081,0.591466965,0.560032189,0.542042767,163.0937444,358.4206008,219.8194717,153.0030789,163.0937444,-56.18158912,4.070181889,1.0,101,3.944219995,-4.206472117,26.47637012,12,0.895924362,-0.42622392,15.50287399,-0.254024636,0.315020683,-0.914458011,2.035090944,1.891274773,-1.841751829,412.3622228,141.4965911,562.0105751,562.0105751,2886,102.228
2889,102.327,-13.0,1.8,-9.7,-11.0,1.6,-4.4,-0.4,0.0,-0.9,0.237636692,0.504284372,0.569999524,0.565328069,0.551017431,163.8109671,361.8099641,215.5116332,154.9236082,163.8109671,-56.69194611,4.072796433,1.0,101,3.944219995,-4.206472117,26.47637012,12,0.977674879,-0.532803213,15.4444271,-0.247212093,0.306139075,-0.919328585,2.036398217,1.881931051,-1.833487322,412.3622228,141.4965911,562.0105751,562.0105751,2889,102.327
2916,103.249,-12.6,1.3,-8.6,-11.1,1.6,-4.5,-0.4,0.0,-0.9,1.0,0.482521519,0.372085103,0.57097523,0.636516842,157.4062702,365.4241475,174.4719157,154.6515783,157.4062702,-26.85552379,3.834878435,0.344452951,101,3.944219995,-4.206472117,26.47637012,12,1.051865028,-1.546322412,15.13803311,-0.241029581,0.221679142,-0.944861418,1.917439217,1.794332447,-1.820564662,412.3622228,141.4965911,562.0105751,562.0105751,2916,103.249
2921,103.412,-12.5,1.3,-8.6,-11.1,1.6,-4.8,-0.4,0.0,-0.9,1.0,0.479489238,0.363507771,0.571707805,0.640877461,154.7770322,365.8929952,172.3788186,152.2109203,154.7770322,-23.62571601,3.765713001,0.410705144,101,3.944219995,-4.206472117,26.47637012,12,1.064351946,-1.598499743,15.12274338,-0.239989004,0.217331031,-0.946135562,1.8828565,1.789875636,-1.81920903,412.3622228,141.4965911,562.0105751,562.0105751,2921,103.412
2922,103.448,-12.5,1.3,-8.6,-11.2,1.6,-4.8,-0.4,0.0,-0.9,1.0,0.48206436,0.359804096,0.570850213,0.642603884,155.988303,365.3441364,171.5501356,153.333678,155.988303,-22.21171412,3.794010008,0.396264781,101,3.944219995,-4.206472117,26.47637012,12,1.049819556,-1.618188762,15.12193331,-0.241200037,0.21569028,-0.946203068,1.897005004,1.788195021,-1.820394187,412.3622228,141.4965911,562.0105751,562.0105751,2922,103.448
2925,103.612,-12.5,1.3,-8.5,-11.2,1.6,-5.0,-0.4,0.0,-0.9,0.216143186,0.487941088,0.353151546,0.568927727,0.645695698,164.9712972,364.1137453,170.0660647,161.9568575,164.9712972,-20.01279533,4.010889047,0.30842501,101,3.944219995,-4.206472117,26.47637012,12,1.012679551,-1.649225926,15.12442921,-0.244295037,0.213103849,-0.945995076,2.005444524,1.785547014,-1.82351638,412.3622228,141.4965911,562.0105751,562.0105751,2925,103.612
2926,103.649,-12.4,1.2,-8.3,-11.3,1.6,-5.1,-0.4,0.0,-0.9,0.169157715,0.489133455,0.328788127,0.567983544,0.658330211,165.292032,363.509468,164.0014988,162.1220752,165.292032,-11.37112959,4.003931995,0.30842501,101,3.944219995,-4.206472117,26.47637012,12,0.995691562,-1.796680521,15.09660367,-0.245710703,0.200815966,-0.948313871,2.001965998,1.772987111,-1.824323737,412.3622228,141.4965911,562.0105751,562.0105751,2926,103.649
2927,103.709,-13.0,1.2,-9.7,-11.3,1.6,-5.2,-0.4,0.0,-0.9,0.944653108,0.493421651,0.29571315,0.565793647,0.676606876,155.2916211,362.1079342,155.2286997,151.7780606,155.2916211,-1.317190681,3.740575338,0.299921344,101,3.944219995,-4.206472117,26.47637012,12,0.966483731,-2.015765372,15.05998319,-0.248144689,0.182558895,-0.951365578,1.870287669,1.754384785,-1.825941678,412.3622228,141.4965911,562.0105751,562.0105751,2927,103.709
2929,103.777,-13.1,1.2,-9.7,-11.4,1.6,-5.3,-0.4,0.0,-0.9,0.26661873,0.522085072,0.299952392,0.557329385,0.67341783,165.7877162,356.6908063,156.7594416,161.3192358,165.7877162,-5.142644204,4.006627829,0.261037266,101,3.944219995,-4.206472117,26.47637012,12,0.826867556,-1.977541419,15.10473956,-0.25977937,0.185744225,-0.94763588,2.003313915,1.75762554,-1.838357399,412.3622228,141.4965911,562.0105751,562.0105751,2929,103.777
2932,103.908,-12.4,1.2,-8.9,-11.4,1.6,-5.5,-0.4,0.0,-0.9,0.161993879,0.367603588,0.279774942,0.597907924,0.68822468,168.282942,382.6610713,149.6521537,165.7537848,168.282942,21.53365273,4.00081702,0.184325945,101,3.944219995,-4.206472117,26.47637012,12,1.452682203,-2.127099037,14.92351563,-0.207628149,0.17328109,-0.962737875,2.00040851,1.744956514,-1.783207309,412.3622228,141.4965911,562.0105751,562.0105751,2932,103.908
2934,103.972,-12.3,1.2,-8.5,-11.5,1.6,-5.6,-0.4,0.0,-0.9,0.351401543,0.40459393,0.285335892,0.58924742,0.684464801,167.96505,377.1183486,151.4568953,165.3751775,167.96505,13.95748554,4.009954783,0.179524056,101,3.944219995,-4.206472117,26.47637012,12,1.319867058,-2.08791464,14.96009964,-0.218696078,0.176546456,-0.959689207,2.004977391,1.74827301,-1.79485238,412.3622228,141.4965911,562.0105751,562.0105751,2934,103.972
2938,104.104,-12.3,1.1,-8.5,-11.5,1.6,-5.8,-0.4,0.0,-0.9,0.279433352,0.41835284,0.265345432,0.584647803,0.695791644,167.9728011,374.1745938,146.0200109,164.6437542,167.9728011,14.5241491,3.999488583,0.216869863,101,3.944219995,-4.206472117,26.47637012,12,1.24704692,-2.22096979,14.95321787,-0.224764423,0.165458527,-0.960262688,1.999744292,1.737019256,-1.800722566,412.3622228,141.4965911,562.0105751,562.0105751,2938,104.104
2939,104.145,-12.3,1.1,-8.5,-11.6,1.6,-5.8,-0.4,0.0,-0.9,0.225561331,0.415395495,0.25935845,0.585022985,0.699414686,168.2596132,374.4147107,144.2809509,164.7720872,168.2596132,15.70744294,4.000941469,0.223975423,101,3.944219995,-4.206472117,26.47637012,12,1.252127909,-2.262434502,14.94496267,-0.224341007,0.162003135,-0.960950621,2.000470735,1.733516593,-1.800145891,412.3622228,141.4965911,562.0105751,562.0105751,2939,104.145
2971,105.26,-12.3,1.2,-8.8,-11.6,1.6,-6.0,-0.4,0.0,-0.9,0.180619061,0.358380941,0.302274863,0.601572048,0.676374255,178.8499168,385.0061108,155.3403578,177.1381228,178.8499168,19.54601097,4.00664039,1.0,101,3.920372769,-4.234784766,25.49836654,12,1.40880139,-1.855103749,14.00797371,-0.209297615,0.198306751,-0.957532736,2.003320195,1.770426387,-1.785991893,415.3249736,137.0300097,583.5667935,583.5667935,2971,105.26
2974,105.358,-12.3,1.2,-9.0,-11.7,1.6,-6.2,-0.4,0.0,-0.9,0.233411334,0.332716335,0.293088932,0.606973905,0.681762403,179.6490892,388.4632993,152.7540465,177.6451903,179.6490892,26.49413708,4.007542849,1.0,101,3.920372769,-4.234784766,25.49836654,12,1.485319629,-1.910707674,13.98015566,-0.202921095,0.193673091,-0.959850907,2.003771424,1.765701079,-1.7791376,415.3249736,137.0300097,583.5667935,583.5667935,2974,105.358
2975,105.395,-12.4,1.2,-9.0,-11.8,1.6,-6.3,-0.4,0.0,-0.9,0.177523777,0.323375087,0.296706045,0.60937187,0.680097134,180.2710971,389.9979965,153.5533757,178.3372839,180.2710971,29.29883622,4.020465285,1.0,108,3.920372769,-4.234784766,25.49836654,12,1.519899754,-1.891426789,13.97680403,-0.200039418,0.195279831,-0.960130209,2.010232643,1.767339093,-1.776203985,415.3249736,137.0300097,583.5667935,583.5667935,2975,105.395
3040,108.028,-13.1,1.3,-7.9,-11.8,1.6,-6.4,-0.8,0.0,-0.6,0.067546461,0.303539061,0.393261481,0.61990615,0.635501571,298.4426588,396.7399363,174.9592461,295.3229959,298.4426588,-47.96207037,3.249745739,1.0,108,3.85158489,-3.457410262,18.01213528,12,0.738077976,-0.619504074,6.775927595,-0.259458909,0.236492182,-0.936350641,1.624872869,1.809550355,-1.841110019,452.5763212,120.9916576,826.1097181,826.1097181,3040,108.028
3043,108.125,-12.4,0.5,-9.7,-11.9,1.6,-6.5,-0.8,0.0,-0.6,0.071430541,-0.486032976,0.002119863,0.618452205,1.088155969,334.2032858,395.8094111,-42.31486516,298.0627645,334.2032858,37.06436134,3.253675417,1.0,108,3.85158489,-3.457410262,18.01213528,12,0.680848843,-2.906192534,6.451746363,-0.264228004,0.045934811,-0.963365743,1.626837708,1.616747307,-1.838489221,452.5763212,120.9916576,826.1097181,826.1097181,3043,108.125
3045,108.195,-11.8,1.6,-9.7,-11.9,1.6,-6.6,-0.8,0.0,-0.6,0.056345148,-0.683516045,0.410827085,0.785435965,0.663487696,325.2215262,502.6790177,161.5259061,307.3726557,325.2215262,63.3612653,3.250526,1.0,108,3.85158489,-3.457410262,18.01213528,12,1.840462121,-0.73008295,6.500529357,-0.167593564,0.227277276,-0.959300494,1.625263,1.800077201,-1.743754704,452.5763212,120.9916576,826.1097181,826.1097181,3045,108.195
3051,108.39,-14.9,0.5,-9.6,-12.0,1.6,-6.6,-0.8,0.0,-0.6,0.049314236,0.274934935,0.095133123,0.575709602,0.975641634,324.8653337,368.4541455,11.6920157,294.4139715,324.8653337,27.99435862,3.257928905,1.0,108,3.85158489,-3.457410262,18.01213528,12,0.399889902,-2.371218412,6.570719766,-0.287641249,0.090515988,-0.953451293,1.628964453,1.661436374,-1.863797598,452.5763212,120.9916576,826.1097181,826.1097181,3051,108.39
3053,108.456,-14.3,0.4,-9.7,-12.0,1.6,-6.7,-0.8,0.0,-0.6,0.051909408,0.058372771,0.041797528,0.596852579,0.978175007,327.1343086,381.9856504,10.4759967,297.9927724,327.1343086,30.19403773,3.2542776,1.0,108,3.85158489,-3.457410262,18.01213528,12,0.542308946,-2.369160371,6.528912523,-0.275772995,0.090687491,-0.95693523,1.6271388,1.661608586,-1.851377402,452.5763212,120.9916576,826.1097181,826.1097181,3053,108.456
3054,108.488,-12.5,1.4,-9.7,-12.1,1.6,-6.8,-0.8,0.0,-0.6,0.059756005,-0.453102179,0.371300376,0.750448175,0.669455137,321.3345837,480.2868318,158.6615341,307.1509475,321.3345837,63.63201895,3.251908351,1.0,108,3.85158489,-3.457410262,18.01213528,12,1.608234494,-0.766034837,6.535032976,-0.186945866,0.224281285,-0.956425192,1.625954176,1.797001797,-1.763825735,452.5763212,120.9916576,826.1097181,826.1097181,3054,108.488
3056,108.557,-12.5,1.4,-9.7,-12.1,1.6,-6.9,-0.8,0.0,-0.6,0.036934483,-2.031580837,-0.443125216,0.709782966,1.058289051,341.9882115,454.2610984,-27.97874455,312.6689904,341.9882115,42.7565511,3.250762759,1.0,108,3.85158489,-3.457410262,18.01213528,12,1.275835815,-2.69525408,6.31663894,-0.214645756,0.063513015,-0.974624695,1.625381379,1.634352121,-1.787570074,452.5763212,120.9916576,826.1097181,826.1097181,3056,108.557
3186,113.304,-14.9,1.4,-8.5,-12.3,1.6,-6.9,-1.0,0.0,0.3,0.051325953,-4.639687397,-1.095401483,0.818106823,1.057346823,301.8872049,523.5883668,-27.52647486,280.8865372,301.8872049,50.79519761,3.031501681,1.0,108,3.898068962,-3.448186327,18.49420253,12,2.127477899,-2.844696562,6.64089888,-0.147549255,0.050290814,-0.987775304,1.51575084,1.621108364,-1.719075288,450.6789386,124.4029355,804.5764599,804.5764599,3186,113.304
3187,113.332,-23.4,1.1,-5.3,-12.3,1.6,-6.8,-1.0,0.0,0.3,0.077086633,-0.265853693,0.31223275,0.716420623,0.685076148,277.1919443,458.5091987,151.163449,267.8286822,277.1919443,59.56690658,3.029228572,1.0,108,3.898068962,-3.448186327,18.49420253,12,1.496934367,-0.934684335,7.008695993,-0.20009455,0.209458499,-0.957125545,1.514614286,1.781817469,-1.776885935,450.6789386,124.4029355,804.5764599,804.5764599,3187,113.332
3188,113.372,-23.4,1.1,-5.3,-12.4,1.6,-6.8,-1.0,0.0,0.3,0.059334392,-3.39272966,-0.781547059,0.783740843,1.028254597,300.2947744,501.5941394,-13.56220666,278.8926778,300.2947744,48.4227844,3.032281226,1.0,108,3.898068962,-3.448186327,18.49420253,12,1.898461167,-2.708726059,6.685105731,-0.166633983,0.061621689,-0.9840914,1.516140613,1.632457081,-1.738533044,450.6789386,124.4029355,804.5764599,804.5764599,3188,113.372
3190,113.433,-14.9,1.1,-8.8,-12.4,1.6,-6.7,-1.0,0.0,0.3,0.085814337,-0.687601684,0.221723114,0.758695801,0.718748217,284.7705895,485.5653125,135.0008558,271.5436284,284.7705895,56.01159626,3.032264877,1.0,108,3.898068962,-3.448186327,18.49420253,12,1.784396416,-1.104841379,6.916589527,-0.176139379,0.195278746,-0.964801083,1.516132438,1.767337986,-1.751373122,450.6789386,124.4029355,804.5764599,804.5764599,3190,113.433
3192,113.496,-14.9,1.1,-8.7,-12.5,1.7,-6.6,-1.0,0.0,0.3,0.10414771,-0.662660014,0.219526051,0.755339875,0.719490207,284.5854478,483.4175201,134.6447006,271.5909105,284.5854478,55.8154829,3.033493478,1.0,108,3.898068962,-3.448186327,18.49420253,12,1.760730682,-1.109470742,6.919998691,-0.178111523,0.194892965,-0.964516987,1.516746739,1.766944649,-1.753403151,450.6789386,124.4029355,804.5764599,804.5764599,3192,113.496
3194,113.569,-22.1,0.9,-4.4,-12.6,1.6,-6.6,-1.0,0.0,0.3,0.063100994,0.327742173,0.278625044,0.60704149,0.689508035,264.4476867,388.5065534,149.0361434,260.166506,264.4476867,5.228097787,3.035810593,1.0,108,3.898068962,-3.448186327,18.49420253,12,0.71028187,-0.987704342,7.190042151,-0.265648924,0.205040165,-0.942013365,1.517905296,1.777301071,-1.845659801,450.6789386,124.4029355,804.5764599,804.5764599,3194,113.569
3195,113.601,-20.2,-0.2,-8.4,-12.6,1.6,-6.5,-1.0,0.0,0.3,0.077623966,-1.139152575,-0.240451806,0.694334046,0.961195791,293.2484463,444.3737897,18.62602034,272.4521874,293.2484463,40.88616841,3.039763376,1.0,108,3.898068962,-3.448186327,18.49420253,12,1.294392902,-2.402281632,6.826856886,-0.216973005,0.087158725,-0.972278804,1.519881688,1.658065783,-1.790358024,450.6789386,124.4029355,804.5764599,804.5764599,3195,113.601
3198,113.698,-23.4,1.2,-5.1,-12.9,1.6,-6.5,-1.0,0.0,0.3,0.047333864,-0.083796877,0.368031129,0.694731698,0.660858185,272.5375058,444.6282866,162.7880711,265.4214714,272.5375058,65.02851819,3.029791861,1.0,108,3.898068962,-3.448186327,18.49420253,12,1.349204333,-0.808566693,7.068980549,-0.212405386,0.219968303,-0.952101832,1.514895931,1.792578304,-1.79029305,450.6789386,124.4029355,804.5764599,804.5764599,3198,113.698
3199,113.729,-15.7,0.0,-9.3,-12.9,1.6,-6.4,-1.0,0.0,0.3,0.0666429,-1.023200932,-0.212446764,0.689785105,0.951769664,291.8940709,441.4624672,23.15056111,271.5313606,291.8940709,40.26714078,3.033515823,1.0,108,3.898068962,-3.448186327,18.49420253,12,1.264153722,-2.355216167,6.837963567,-0.219492937,0.091080847,-0.971353247,1.516757912,1.662003576,-1.793030158,450.6789386,124.4029355,804.5764599,804.5764599,3199,113.729
3203,113.863,-23.4,1.3,-4.9,-13.2,1.6,-6.4,-1.0,0.0,0.3,0.046300414,-0.03279409,0.385520818,0.687824337,0.652798822,271.3293536,440.2075759,166.6565657,264.8921333,271.3293536,67.81386803,3.03383676,1.0,108,3.898068962,-3.448186327,18.49420253,12,1.301725496,-0.766009219,7.089601415,-0.216361955,0.223514759,-0.950383426,1.51691838,1.796215304,-1.794638812,450.6789386,124.4029355,804.5764599,804.5764599,3203,113.863
3204,113.892,-23.4,1.3,-4.4,-13.3,1.6,-6.3,-1.0,0.0,0.3,0.077838267,0.21641329,0.407112507,0.640777922,0.633959007,262.8133827,410.09787,175.6996766,260.6243634,262.8133827,-83.79461808,3.030938239,1.0,108,3.898068962,-3.448186327,18.49420253,12,0.96667021,-0.672763943,7.193586088,-0.244283229,0.231285199,-0.941718037,1.515469119,1.804194819,-1.824603858,450.6789386,124.4029355,804.5764599,804.5764599,3204,113.892
3212,114.188,-17.3,0.1,-8.0,-13.5,1.6,-6.3,-1.0,0.0,0.2,0.059246315,-0.620175641,-0.120880674,0.66593494,0.933068957,289.2123409,426.1983619,32.12690058,269.3672824,289.2123409,37.44055355,3.036309455,1.0,108,3.898068962,-3.448186327,18.49420253,12,1.100069399,-2.269280539,6.884664227,-0.23316663,0.098242149,-0.967461525,1.518154727,1.669197197,-1.807294838,450.6789386,124.4029355,804.5764599,804.5764599,3212,114.188
3222,114.652,-14.4,1.0,-5.2,-13.5,1.6,-6.5,-1.0,0.0,0.2,0.062942712,1.013083007,0.292135836,0.39181838,0.920790998,259.4829022,250.7637633,38.02032112,214.8367447,259.4829022,11.97396509,3.042983102,1.0,108,3.898068962,-3.448186327,18.49420253,12,-0.951664313,-2.423932113,7.565753853,-0.40414444,0.085354518,-0.910704056,1.521491551,1.656254826,-1.988458513,450.6789386,124.4029355,804.5764599,804.5764599,3222,114.652
3223,114.728,-23.4,1.5,-2.7,-13.6,1.6,-6.5,-1.0,0.0,0.2,0.017520843,1.135491554,0.536037694,0.48330369,1.10426711,276.5355621,309.3143614,-50.04821256,231.1390496,276.5355621,30.24519967,3.040771616,1.0,108,3.898068962,-3.448186327,18.49420253,12,-0.227152246,-3.360525427,7.225890075,-0.343768434,0.007305075,-0.939026038,1.520385808,1.578101467,-1.921733069,450.6789386,124.4029355,804.5764599,804.5764599,3223,114.728
3226,114.816,-23.4,1.7,-2.5,-13.7,1.6,-6.6,-1.0,0.0,0.2,0.020117172,1.221973335,0.608280717,0.477259268,1.124325647,276.5499897,305.4459318,-59.67631035,228.6430704,276.5499897,31.01495761,3.045088272,1.0,108,3.898068962,-3.448186327,18.49420253,12,-0.273432254,-3.482900015,7.242652744,-0.347625101,-0.002892807,-0.937629149,1.522544136,1.567903515,-1.925834924,450.6789386,124.4029355,804.5764599,804.5764599,3226,114.816
3229,114.912,-23.4,1.3,-3.0,-13.8,1.6,-6.6,-1.0,0.0,0.2,0.005632921,1.092209331,0.442656732,0.33463676,0.990951921,254.7218373,214.1675265,4.343078019,195.3916948,254.7218373,14.74047892,3.04684056,1.0,108,3.898068962,-3.448186327,18.49420253,12,-1.432786196,-2.91362251,7.756594564,-0.44423793,0.044546985,-0.894800664,1.52342028,1.615358058,-2.031612583,450.6789386,124.4029355,804.5764599,804.5764599,3229,114.912
3230,114.95,-23.4,1.4,-3.1,-13.8,1.6,-6.7,-1.0,0.0,0.2,0.001440107,1.059553793,0.473675064,0.315528218,1.002851583,251.7170339,201.9380598,-1.368759839,188.0390299,251.7170339,14.81047534,3.040337194,1.0,108,3.898068962,-3.448186327,18.49420253,12,-1.600436531,-3.017236513,7.836776967,-0.458208791,0.035912485,-0.888118797,1.520168597,1.606716535,-2.047108045,450.6789386,124.4029355,804.5764599,804.5764599,3230,114.95
3232,115.013,-23.4,1.5,-2.5,-13.9,1.6,-6.7,-1.0,0.0,0.2,0.031142666,1.358914092,0.574733408,0.38025589,1.050466192,262.0338734,243.3637696,-24.22377216,206.4852115,262.0338734,20.83653287,3.037637702,1.0,108,3.898068962,-3.448186327,18.49420253,12,-1.042676267,-3.194476961,7.561468738,-0.411728769,0.021142447,-0.911061149,1.518818851,1.591940349,-1.995247615,450.6789386,124.4029355,804.5764599,804.5764599,3232,115.013
3255,115.84,-19.5,1.1,-8.6,-13.9,1.6,-7.0,-1.0,0.0,0.2,0.065113194,-0.638251788,0.273508235,0.76064527,0.702110314,285.2601671,486.8129727,142.9870494,271.9564955,285.2601671,58.07380631,3.047636422,1.0,108,3.898068962,-3.448186327,18.49420253,12,1.802196944,-1.015449635,6.931801711,-0.174656001,0.202728058,-0.963533401,1.523818211,1.774939355,-1.750115419,450.6789386,124.4029355,804.5764599,804.5764599,3255,115.84
3267,116.264,-23.4,0.9,-6.1,-14.2,1.6,-7.0,-1.0,0.0,0.2,0.078809929,0.172768233,0.297187478,0.64115686,0.683106923,267.973886,410.3403905,152.1086771,265.164687,267.973886,37.56704078,3.044743694,1.0,108,3.898068962,-3.448186327,18.49420253,12,0.959069923,-0.942126536,7.132778808,-0.244916587,0.208838316,-0.94678531,1.522371847,1.781183259,-1.823929711,450.6789386,124.4029355,804.5764599,804.5764599,3267,116.264
3319,118.112,-17.3,1.5,-8.1,-14.2,1.6,-7.1,-1.0,0.0,-0.3,0.086100517,0.470583735,0.505426305,0.576209345,0.578374981,256.6478211,368.7739809,202.3800092,246.0827892,256.6478211,-44.14106279,3.0556827,1.0,108,3.898068962,-3.448186327,18.49420253,12,0.49635902,-0.37186297,7.405261909,-0.283475828,0.25636028,-0.924078385,1.52784135,1.830051078,-1.868448842,450.6789386,124.4029355,804.5764599,804.5764599,3319,118.112
3323,118.276,-17.2,1.2,-8.4,-14.5,1.6,-7.1,-0.9,-0.1,-0.3,0.090684023,0.361299022,0.393604255,0.605508614,0.632464159,261.6239445,387.5255129,176.4172037,257.8638834,261.6239445,-36.93111238,3.056787655,1.0,108,3.898068962,-3.448186327,18.49420253,12,0.70682257,-0.671269562,7.26456853,-0.265937199,0.23140973,-0.935802833,1.528393828,1.804322824,-1.847677663,450.6789386,124.4029355,804.5764599,804.5764599,3323,118.276
3324,118.315,-23.4,1.1,-8.2,-14.6,1.6,-7.2,-0.9,-0.1,-0.3,0.074241901,1.281312042,0.524560415,0.441437049,1.062760513,271.9029093,282.5197111,-30.12504648,224.3012703,271.9029093,25.02450148,3.055762642,1.0,108,3.898068962,-3.448186327,18.49420253,12,-0.55113434,-3.177768569,7.352772449,-0.370766942,0.022534813,-0.928452507,1.527881321,1.593333048,-1.950732418,450.6789386,124.4029355,804.5764599,804.5764599,3324,118.315
3329,118.472,-16.3,2.0,-8.4,-14.9,1.6,-7.2,-1.0,-0.1,-0.3,0.127240049,0.206767594,0.647772109,0.650881247,0.545549822,263.057467,416.5639982,218.1360854,252.2252088,263.057467,-76.10705522,3.062321952,1.0,108,3.898068962,-3.448186327,18.49420253,12,1.060218908,-0.174416159,7.30362453,-0.236487504,0.272814181,-0.932548167,1.531160976,1.847113291,-1.819153584,450.6789386,124.4029355,804.5764599,804.5764599,3329,118.472
3330,118.508,-16.3,2.0,-8.4,-14.9,1.6,-7.3,-1.0,-0.1,-0.3,0.066917689,-0.029625906,0.586967755,0.702980211,0.58452689,271.6630302,449.907335,199.427093,261.0386,271.6630302,82.95770557,3.06326136,1.0,108,3.898068962,-3.448186327,18.49420253,12,1.428498287,-0.387060981,7.157063018,-0.205797556,0.255093779,-0.944761626,1.53163068,1.828741016,-1.785276004,450.6789386,124.4029355,804.5764599,804.5764599,3330,118.508
3335,118.672,-16.9,1.9,-8.4,-15.2,1.6,-7.3,-1.0,-0.1,-0.3,0.048019461,-3.75654687,-0.876620132,0.773063866,1.083024502,303.4099018,494.7608743,-39.85176078,279.6802665,303.4099018,49.8418456,3.063602575,1.0,108,3.898068962,-3.448186327,18.49420253,12,1.821088715,-2.999013635,6.683851266,-0.173081687,0.037431058,-0.984195939,1.531801287,1.608236131,-1.744877292,450.6789386,124.4029355,804.5764599,804.5764599,3335,118.672
3336,118.704,-16.9,1.9,-8.4,-15.2,1.6,-7.4,-1.0,-0.1,-0.3,0.040454569,-3.565506703,-0.827255475,0.765425461,1.083802782,303.0446933,489.8722951,-40.22533514,278.962557,303.0446933,49.4600585,3.063606503,1.0,108,3.898068962,-3.448186327,18.49420253,12,1.769416415,-3.007090823,6.692750369,-0.177387712,0.036757959,-0.983454347,1.531803252,1.607562568,-1.749249651,450.6789386,124.4029355,804.5764599,804.5764599,3336,118.704
3339,118.804,-17.3,1.1,-7.9,-15.4,1.6,-7.4,-1.0,-0.1,-0.3,0.07686129,-0.067726764,0.501433889,0.704423757,0.614446994,273.7691607,450.8312047,185.0654427,264.5676644,273.7691607,76.73867717,3.064133724,1.0,108,3.898068962,-3.448186327,18.49420253,12,1.429724798,-0.551822576,7.113589447,-0.205695347,0.241363646,-0.948384423,1.532066862,1.814567124,-1.784378529,450.6789386,124.4029355,804.5764599,804.5764599,3339,118.804
3341,118.869,-18.1,0.5,-8.4,-15.5,1.6,-7.5,-1.0,-0.1,-0.3,0.076018288,0.518628188,0.142495454,0.552708143,0.810179297,272.2508053,353.7332116,91.11393734,255.2088626,272.2508053,14.11934159,3.060091649,1.0,108,3.898068962,-3.448186327,18.49420253,12,0.296867274,-1.671432641,7.18604208,-0.300100141,0.148062807,-0.942346704,1.530045824,1.719405528,-1.87910209,450.6789386,124.4029355,804.5764599,804.5764599,3341,118.869
3394,120.712,-19.4,1.6,-8.6,-16.0,1.6,-7.5,-1.0,-0.1,0.2,0.081257799,-0.315071037,0.480051382,0.743532841,0.632740817,280.3955598,475.8610182,176.2844079,267.9536424,280.3955598,68.73189885,3.068672642,1.0,108,3.898068962,-3.448186327,18.49420253,12,1.702533222,-0.645245465,7.034571412,-0.182961312,0.233578405,-0.95496926,1.534336321,1.8065526,-1.760091164,450.6789386,124.4029355,804.5764599,804.5764599,3394,120.712
3395,120.749,-17.5,2.0,-8.4,-16.0,1.6,-7.4,-1.0,-0.1,0.2,0.073737236,-0.066784335,0.607443609,0.711515303,0.580692176,273.4299544,455.3697937,201.2677556,261.7916321,273.4299544,81.7895268,3.073565123,1.0,108,3.898068962,-3.448186327,18.49420253,12,1.490780287,-0.364216509,7.149860706,-0.20060739,0.256997485,-0.945361819,1.536782561,1.830710372,-1.779896295,450.6789386,124.4029355,804.5764599,804.5764599,3395,120.749
3403,121.012,-23.4,1.6,-7.1,-16.5,1.6,-7.4,-1.0,-0.1,0.2,0.070516382,-0.009860663,0.608597837,0.700092235,0.576199985,271.779719,448.0590307,203.424007,260.8140555,271.779719,85.01273036,3.074412977,1.0,108,3.898068962,-3.448186327,18.49420253,12,1.409805005,-0.340598672,7.173803179,-0.20735533,0.258965638,-0.943366613,1.537206488,1.832747482,-1.787159243,450.6789386,124.4029355,804.5764599,804.5764599,3403,121.012
3404,121.045,-23.4,1.3,-6.4,-16.5,1.6,-7.3,-1.0,-0.1,0.2,0.087465801,0.327154473,0.515938266,0.617967766,0.584046195,261.8756487,395.49937,199.6578264,254.8740881,261.8756487,-60.39791549,3.071477895,1.0,108,3.898068962,-3.448186327,18.49420253,12,0.807273057,-0.396247602,7.307931895,-0.257566325,0.254328227,-0.932189219,1.535738948,1.827949353,-1.840373171,450.6789386,124.4029355,804.5764599,804.5764599,3404,121.045
3412,121.312,-23.4,0.2,-7.2,-16.8,1.6,-7.3,-1.0,-0.1,0.2,0.059746685,0.001445891,0.047474935,0.630804025,0.839270836,284.4118344,403.7145758,77.14999875,269.5650863,284.4118344,29.92382415,3.082206918,1.0,108,3.898068962,-3.448186327,18.49420253,12,0.859778217,-1.787495883,7.004603032,-0.253190895,0.13839087,-0.957466625,1.541103459,1.709632793,-1.829317189,450.6789386,124.4029355,804.5764599,804.5764599,3412,121.312
3432,122.033,-23.1,1.6,-8.4,-16.8,1.6,-7.8,-1.0,-0.1,0.2,0.120024489,-0.735394166,0.389056965,0.788860635,0.670362237,288.9940944,504.8708063,158.2261261,273.1266515,288.9940944,61.46734466,3.080165743,1.0,108,3.898068962,-3.448186327,18.49420253,12,2.008505343,-0.839750957,6.934547938,-0.157463635,0.217369614,-0.963304549,1.540082872,1.789915164,-1.732825285,450.6789386,124.4029355,804.5764599,804.5764599,3432,122.033
3479,123.648,-17.9,1.5,-8.4,-16.4,1.6,-7.8,-1.0,-0.1,0.2,0.063197784,-0.887049345,-0.149973083,0.700634071,0.89462171,295.879593,448.4058053,50.58157903,278.1705236,295.879593,40.58789537,3.092681104,1.0,108,3.898068962,-3.448186327,18.49420253,12,1.343028505,-2.047990858,6.853273832,-0.212920038,0.116682956,-0.970077391,1.546340552,1.687745689,-1.786857913,450.6789386,124.4029355,804.5764599,804.5764599,3479,123.648
3611,128.392,-18.0,2.0,-8.4,-16.5,1.6,-7.7,-0.9,-0.1,-0.3,0.07531813,-4.165719738,-0.962569805,0.81667881,1.025756355,310.496682,522.6744385,-12.3630504,289.4396991,310.496682,49.60348116,3.120781936,1.0,108,3.898068962,-3.448186327,18.49420253,12,2.117738223,-2.680556272,6.651856201,-0.148360895,0.063969171,-0.986862194,1.560390968,1.634809206,-1.720014845,450.6789386,124.4029355,804.5764599,804.5764599,3611,128.392
3613,128.456,-18.0,2.0,-8.4,-16.6,1.6,-7.7,-0.9,-0.1,-0.3,0.050936213,-4.007003066,-0.922069975,0.812692221,1.02128507,310.4127348,520.1230217,-10.21683363,289.3237417,310.4127348,49.33964234,3.122017478,1.0,108,3.898068962,-3.448186327,18.49420253,12,2.091279859,-2.65898334,6.657282668,-0.150565759,0.065766916,-0.986409988,1.561008739,1.636610745,-1.722267313,450.6789386,124.4029355,804.5764599,804.5764599,3613,128.456
3614,128.528,-18.0,2.0,-8.4,-16.6,1.6,-7.6,-0.9,-0.1,-0.3,0.044597703,-4.074038637,-0.93983509,0.813921858,1.024071837,310.2220596,520.909989,-11.55448176,289.1306536,310.2220596,49.46434106,3.119284877,1.0,108,3.898068962,-3.448186327,18.49420253,12,2.099376166,-2.672957978,6.65512633,-0.149891066,0.064602362,-0.986589683,1.559642438,1.63544371,-1.721571778,450.6789386,124.4029355,804.5764599,804.5764599,3614,128.528
3615,128.556,-18.0,2.0,-8.4,-16.7,1.6,-7.6,-0.9,-0.1,-0.3,0.047661519,-4.418286939,-1.028957863,0.82158046,1.035010902,310.9914291,525.8114942,-16.80523294,289.8929445,310.9914291,50.05638694,3.123083062,1.0,108,3.898068962,-3.448186327,18.49420253,12,2.149742363,-2.726469207,6.644203436,-0.145693883,0.060143093,-0.987499924,1.561541531,1.630975737,-1.717277703,450.6789386,124.4029355,804.5764599,804.5764599,3615,128.556
3616,128.624,-18.0,2.0,-8.4,-16.7,1.6,-7.5,-0.9,-0.1,-0.3,0.058540249,-3.598783522,-0.81821193,0.802091209,1.009035181,309.504717,513.3383735,-4.33688689,288.4294521,309.504717,48.63192157,3.1191923,1.0,108,3.898068962,-3.448186327,18.49420253,12,2.021140804,-2.599875619,6.672294492,-0.15641068,0.070692559,-0.985159003,1.55959615,1.641547899,-1.728249076,450.6789386,124.4029355,804.5764599,804.5764599,3616,128.624
3617,128.656,-18.0,2.0,-8.4,-16.8,1.6,-7.5,-0.9,-0.1,-0.4,0.065757789,-3.891756242,-0.893617727,0.809128251,1.019135892,310.6093495,517.8420803,-9.18522799,289.4435433,310.6093495,49.15695816,3.125744897,1.0,108,3.898068962,-3.448186327,18.49420253,12,2.067323064,-2.649227267,6.661618962,-0.152562158,0.066579922,-0.986048631,1.562872449,1.637425537,-1.724299892,450.6789386,124.4029355,804.5764599,804.5764599,3617,128.656
3618,128.722,-18.0,2.0,-8.4,-16.8,1.6,-7.4,-0.9,-0.1,-0.4,0.071090706,-2.067507672,-0.442252776,0.75032455,0.962251918,305.7207407,480.2077122,18.11907926,285.1322161,305.7207407,45.17313946,3.122913327,1.0,108,3.898068962,-3.448186327,18.49420253,12,1.674902632,-2.378865045,6.750519824,-0.185263861,0.089110107,-0.978640225,1.561456663,1.660024789,-1.757889744,450.6789386,124.4029355,804.5764599,804.5764599,3618,128.722
3621,128.853,-18.0,2.0,-8.4,-16.9,1.6,-7.4,-0.9,-0.1,-0.4,0.097879996,-0.694238763,0.291370247,0.770106051,0.697126544,293.32746,492.8678727,145.3792587,278.9415688,293.32746,58.78654066,3.127262065,1.0,108,3.898068962,-3.448186327,18.49420253,12,1.866830401,-0.983468339,6.927040597,-0.16926988,0.205393166,-0.963930161,1.563631033,1.777661748,-1.744627873,450.6789386,124.4029355,804.5764599,804.5764599,3621,128.853
3707,131.884,-18.6,0.4,-8.4,-16.9,1.6,-7.2,-0.9,-0.1,-0.4,0.071659004,0.35432603,0.119990386,0.58439478,0.810677762,282.8701126,374.0126593,90.87467401,267.8362981,282.8701126,19.3194163,3.143259629,1.0,108,3.898068962,-3.448186327,18.49420253,12,0.524627157,-1.654591692,7.1186626,-0.28112015,0.14946622,-0.947961661,1.571629814,1.720824733,-1.859087041,450.6789386,124.4029355,804.5764599,804.5764599,3707,131.884
3709,131.952,-19.4,1.1,-8.3,-17.0,1.6,-7.1,-0.9,-0.1,-0.4,0.067324109,0.406072043,0.406871402,0.593972382,0.62418167,267.6275986,380.1423242,180.3927983,261.8953825,267.6275986,-36.16611975,3.142076841,1.0,108,3.898068962,-3.448186327,18.49420253,12,0.617896584,-0.623600615,7.302143526,-0.273347698,0.235382143,-0.932671584,1.57103842,1.808408066,-1.855892775,450.6789386,124.4029355,804.5764599,804.5764599,3709,131.952
3713,132.081,-17.5,0.4,-8.4,-17.0,1.6,-6.9,-0.9,-0.1,-0.3,0.059601838,-0.494709115,0.504838461,0.77234163,0.632837285,290.7358111,494.2986429,176.2381033,275.2625798,290.7358111,66.74318601,3.145729124,1.0,108,3.898068962,-3.448186327,18.49420253,12,1.903358368,-0.637581391,6.999785208,-0.166225883,0.234217078,-0.95786811,1.572864562,1.807209494,-1.742622443,450.6789386,124.4029355,804.5764599,804.5764599,3713,132.081
3714,132.116,-17.5,0.4,-8.4,-17.1,1.6,-6.9,-0.9,-0.1,-0.3,0.063646875,-0.609234988,1.523910578,0.804596426,0.365201421,274.2021966,514.9417125,304.7033177,235.1708372,274.2021966,82.77628402,3.150142159,1.0,108,3.898068962,-3.448186327,18.49420253,12,2.27580569,0.880502785,7.420327306,-0.135188606,0.360724093,-0.922822935,1.575071079,1.939840467,-1.716256291,450.6789386,124.4029355,804.5764599,804.5764599,3714,132.116
3718,132.312,-19.9,0.4,-8.3,-17.1,1.6,-6.6,-0.9,-0.1,-0.3,0.075677676,0.231310203,0.128713419,0.609270683,0.786467663,283.4886835,389.933237,102.4955216,271.6569844,283.4886835,22.51330914,3.14404349,1.0,108,3.898068962,-3.448186327,18.49420253,12,0.707765698,-1.511335684,7.089353794,-0.265858605,0.16140422,-0.950404061,1.572021745,1.732909691,-1.843556668,450.6789386,124.4029355,804.5764599,804.5764599,3718,132.312
3719,132.344,-19.4,0.4,-8.3,-17.2,1.6,-6.6,-0.9,-0.1,-0.3,0.054677551,0.148734506,0.111034505,0.620799702,0.794558772,285.4295868,397.3118095,98.61178958,273.3773672,285.4295868,25.86723796,3.144146778,1.0,108,3.898068962,-3.448186327,18.49420253,12,0.789972655,-1.54993286,7.060201868,-0.259008026,0.158187789,-0.952833388,1.572073389,1.729651389,-1.836212373,450.6789386,124.4029355,804.5764599,804.5764599,3719,132.344
3753,133.5,-23.4,1.4,-6.5,-17.2,1.6,-6.1,-1.0,-0.1,-0.1,1.0,0.715663791,0.606440617,0.490391167,0.528887972,149.0474347,313.850347,226.1337735,134.4237713,149.0474347,-37.30681187,1.872062886,1.0,108,3.875931928,-3.506854368,18.60789454,12,-0.110767227,-0.145637037,7.800098835,-0.33222493,0.280101444,-0.900649642,0.936031443,1.854696109,-1.924184194,449.1429179,123.154448,799.6605942,799.6605942,3753,133.5
3754,133.532,-23.4,1.4,-6.5,-17.3,1.6,-6.0,-1.0,-0.1,-0.1,1.0,0.70795115,0.605860812,0.493370433,0.529221296,148.8086559,315.7570772,225.973778,134.5027009,148.8086559,-37.635291,1.866879757,1.0,108,3.875931928,-3.506854368,18.60789454,12,-0.086461092,-0.147547971,7.790570371,-0.330199418,0.2799422,-0.90144368,0.933439878,1.854530228,-1.921918455,449.1429179,123.154448,799.6605942,799.6605942,3754,133.532
3761,133.765,-23.4,1.4,-6.2,-17.3,1.6,-5.7,-1.0,-0.1,-0.1,1.0,0.668618449,0.603057551,0.508225647,0.531129795,151.3270684,325.264414,225.0576985,138.2091724,151.3270684,-39.38553382,1.887640691,1.0,108,3.875931928,-3.506854368,18.60789454,12,0.032235015,-0.157090276,7.744880471,-0.320308076,0.279147008,-0.905251172,0.943820346,1.853702017,-1.910882088,449.1429179,123.154448,799.6605942,799.6605942,3761,133.765
3866,137.454,-23.4,1.7,-4.8,-17.7,1.6,-5.7,-1.0,-0.1,0.2,0.150964975,0.261396672,0.643431725,0.636483672,0.542416176,202.6169659,407.3495498,219.6402356,193.7315291,202.6169659,-77.07532631,2.322755378,1.0,108,3.573493902,-3.641392545,18.36728725,12,0.969367003,-0.184300719,7.175011375,-0.217010575,0.288090986,-0.932689656,1.161377689,1.863029031,-1.799400786,440.6256639,117.0823722,810.1359662,810.1359662,3866,137.454
3867,137.52,-23.4,1.8,-4.8,-17.8,1.6,-5.8,-1.0,-0.1,0.2,0.153680238,0.237717155,0.65654591,0.64276513,0.539856143,203.4182553,411.3696832,220.8690514,194.2080247,203.4182553,-79.09468705,2.327288303,1.0,108,3.573493902,-3.641392545,18.36728725,12,1.015329787,-0.169460156,7.16900694,-0.213180343,0.289327699,-0.933190026,1.163644151,1.86432075,-1.795385047,440.6256639,117.0823722,810.1359662,810.1359662,3867,137.52
3873,137.719,-23.4,1.7,-5.0,-18.1,1.6,-5.8,-1.0,-0.1,0.3,0.179535692,0.269836243,0.628153285,0.634253563,0.547093396,202.7956495,405.9222801,217.3951701,194.3023315,202.7956495,-76.42144091,2.324735543,1.0,108,3.573493902,-3.641392545,18.36728725,12,0.952013646,-0.210300629,7.171062458,-0.218456688,0.285924326,-0.933018732,1.162367771,1.860767212,-1.800792816,440.6256639,117.0823722,810.1359662,810.1359662,3873,137.719
3874,137.748,-23.4,1.7,-5.0,-18.1,1.6,-5.9,-1.0,-0.1,0.3,0.215973683,0.254459679,0.635801289,0.638363638,0.545676558,203.2808668,408.5527286,218.0752519,194.6077096,203.2808668,-77.83050552,2.327124144,1.0,108,3.573493902,-3.641392545,18.36728725,12,0.982031265,-0.2020302,7.166612801,-0.21595522,0.286613529,-0.933389537,1.163562072,1.861486518,-1.798162323,440.6256639,117.0823722,810.1359662,810.1359662,3874,137.748
3878,137.881,-23.4,1.9,-5.2,-18.4,1.6,-5.9,-1.0,-0.1,0.3,0.109874566,0.2064585,0.667941481,0.650957461,0.538638971,204.6270139,416.6127749,221.453294,195.1064014,204.6270139,-81.65475043,2.333961787,1.0,108,3.573493902,-3.641392545,18.36728725,12,1.074620797,-0.161867309,7.157981411,-0.208239425,0.289960436,-0.93410882,1.166980893,1.864981825,-1.790138159,440.6256639,117.0823722,810.1359662,810.1359662,3878,137.881
3880,137.982,-23.4,1.8,-4.8,-18.5,1.6,-6.0,-1.0,-0.1,0.3,0.114659919,0.398594426,0.645613653,0.597502722,0.530655111,199.38354,382.4017421,225.2855467,189.2068642,199.38354,-64.13424866,2.324806168,1.0,108,3.573493902,-3.641392545,18.36728725,12,0.687042221,-0.12128291,7.264259514,-0.24053764,0.29334247,-0.925252311,1.162403084,1.868517578,-1.825136079,440.6256639,117.0823722,810.1359662,810.1359662,3880,137.982
3882,138.048,-23.4,1.9,-5.1,-18.6,1.6,-6.0,-1.0,-0.1,0.3,0.118065314,0.288563129,0.68389228,0.628617107,0.526030384,201.8717893,402.3149483,227.5054155,191.6854681,201.8717893,-74.21915962,2.329051064,1.0,108,3.573493902,-3.641392545,18.36728725,12,0.915976534,-0.093270789,7.216124373,-0.221459781,0.295676813,-0.929263573,1.164525532,1.870960259,-1.804749844,440.6256639,117.0823722,810.1359662,810.1359662,3882,138.048
3938,140.156,-23.4,1.3,-5.1,-18.6,1.6,-5.9,-1.0,0.0,0.3,0.109281178,0.304450615,0.425844076,0.621188201,0.621603317,205.2571337,397.5604483,181.6304076,202.5247422,205.2571337,-72.22077372,2.334870995,1.0,108,3.573493902,-3.641392545,18.36728725,12,0.841702248,-0.618853076,7.080056873,-0.227649304,0.251878289,-0.940602531,1.167435498,1.825416958,-1.808255115,440.6256639,117.0823722,810.1359662,810.1359662,3938,140.156
3941,140.32,-23.4,1.5,-5.1,-18.8,1.6,-5.9,-1.0,0.0,0.3,0.122685094,0.28549679,0.511509293,0.628803141,0.588675586,204.9915235,402.4340103,197.4357187,199.7377624,204.9915235,-75.66216944,2.337140375,1.0,108,3.573493902,-3.641392545,18.36728725,12,0.90287884,-0.438847558,7.115108756,-0.222551255,0.266878749,-0.937681541,1.168570188,1.84094918,-1.803826602,440.6256639,117.0823722,810.1359662,810.1359662,3941,140.32
3943,140.384,-23.4,1.1,-4.9,-18.9,1.6,-5.8,-1.0,0.0,0.3,0.128574198,0.399846712,0.3688248,0.594414919,0.641959384,204.2875587,380.4255481,171.8594955,201.7215847,204.2875587,-37.47376536,2.334852309,1.0,108,3.573493902,-3.641392545,18.36728725,12,0.64567176,-0.734032524,7.098963716,-0.243985178,0.242280002,-0.939026961,1.167426154,1.815511508,-1.825002952,440.6256639,117.0823722,810.1359662,810.1359662,3943,140.384
3947,140.518,-23.4,1.5,-4.8,-19.1,1.6,-5.8,-1.0,0.0,0.3,1.0,0.426675582,0.50826578,0.589688832,0.580148944,157.0068423,377.4008522,201.5285067,152.0495732,157.0068423,-56.48030038,1.81688715,1.0,108,3.573493902,-3.641392545,18.36728725,12,0.637889061,-0.416319737,7.187791302,-0.244633737,0.268756067,-0.931624662,0.908443575,1.842897678,-1.827587264,440.6256639,117.0823722,810.1359662,810.1359662,3947,140.518
3949,140.584,-23.4,1.5,-4.7,-19.1,1.6,-5.7,-1.0,0.0,0.3,1.0,0.436863341,0.496785459,0.586558198,0.584083682,158.5094839,375.3972465,199.6398329,153.5963616,158.5094839,-54.42923312,1.834764404,1.0,108,3.573493902,-3.641392545,18.36728725,12,0.613960932,-0.437786116,7.187928122,-0.246627747,0.266967202,-0.93161326,0.917382202,1.841040964,-1.829591532,440.6256639,117.0823722,810.1359662,810.1359662,3949,140.584
3951,140.648,-23.4,1.4,-4.7,-19.3,1.6,-5.7,-1.0,0.0,0.3,1.0,0.441035056,0.491442192,0.585261239,0.585979926,158.8899102,374.5671932,198.7296356,154.0125074,158.8899102,-53.50961918,1.839249868,1.0,108,3.573493902,-3.641392545,18.36728725,12,0.604095317,-0.448236615,7.187554368,-0.247449882,0.266096328,-0.931644407,0.919624934,1.840137403,-1.830407745,440.6256639,117.0823722,810.1359662,810.1359662,3951,140.648
3953,140.716,-23.4,1.4,-4.7,-19.4,1.6,-5.6,-1.0,0.0,0.3,1.0,0.443075193,0.486706425,0.584608558,0.587782964,159.0511906,374.1494769,197.8641772,154.2380043,159.0511906,-52.87067077,1.840854943,1.0,108,3.573493902,-3.641392545,18.36728725,12,0.599030056,-0.458176814,7.186066275,-0.247871987,0.265267978,-0.931768414,0.920427472,1.839278173,-1.830797847,440.6256639,117.0823722,810.1359662,810.1359662,3953,140.716
3955,140.784,-23.4,1.4,-4.7,-19.5,1.6,-5.6,-1.0,0.0,0.3,1.0,0.443596735,0.483899893,0.584428457,0.588901792,158.1150694,374.0342126,197.3271399,153.3863869,158.1150694,-52.56785932,1.829706656,1.0,108,3.573493902,-3.641392545,18.36728725,12,0.597889297,-0.464696391,7.184515731,-0.24796705,0.26472468,-0.931897626,0.914853328,1.838714732,-1.830858667,440.6256639,117.0823722,810.1359662,810.1359662,3955,140.784
3957,140.848,-23.4,1.4,-4.6,-19.6,1.6,-5.5,-1.0,0.0,0.3,1.0,0.44710179,0.480514218,0.583337862,0.590071433,159.453602,373.3362317,196.765712,154.6909885,159.453602,-51.84636877,1.845416842,1.0,108,3.573493902,-3.641392545,18.36728725,12,0.589303612,-0.470772564,7.18507918,-0.248682524,0.264218332,-0.931850672,0.922708421,1.838189689,-1.831588077,440.6256639,117.0823722,810.1359662,810.1359662,3957,140.848
3962,141.015,-23.4,1.2,-4.5,-19.8,1.6,-5.5,-1.0,0.0,0.3,0.065973656,0.499634063,0.418542687,0.566357519,0.613738487,186.1423281,362.4688125,185.405526,180.52115,186.1423281,-39.15734703,2.154486395,1.0,108,3.573493902,-3.641392545,18.36728725,12,0.451827115,-0.592919034,7.188646645,-0.260138899,0.254039459,-0.931553384,1.077243198,1.827650779,-1.843112025,440.6256639,117.0823722,810.1359662,810.1359662,3962,141.015
3963,141.044,-23.4,1.5,-4.6,-19.8,1.6,-5.4,-1.0,0.0,0.3,0.115621451,0.453917993,0.526552409,0.581452356,0.571057639,185.1905257,372.1295076,205.8923332,178.1762272,185.1905257,-54.47014319,2.153243059,1.0,108,3.573493902,-3.641392545,18.36728725,12,0.568229453,-0.355399704,7.224099344,-0.250438704,0.273832737,-0.928598992,1.076621529,1.848172167,-1.834224063,440.6256639,117.0823722,810.1359662,810.1359662,3963,141.044
3966,141.144,-23.4,1.9,-3.9,-20.0,1.6,-5.4,-1.0,0.0,0.3,0.0,0.701367681,0.693137803,0.5,0.5,0.0,320.0,240.0,0.0,0.0,90.0,0.0,1.0,108,3.573493902,-3.641392545,18.36728725,12,0.0,0.0,0.0,0.0,0.0,0.0,0.0,0.0,0.0,440.6256639,117.0823722,810.1359662,810.1359662,3966,141.144
3968,141.209,-23.4,2.2,-3.3,-20.1,1.6,-5.3,-1.0,0.0,0.3,0.002022828,0.937198156,0.809160754,0.428266175,0.467895532,170.4484235,274.0903523,255.4101448,143.6995626,170.4484235,-40.20008475,2.142703472,1.0,108,3.573493902,-3.641392545,18.36728725,12,-0.621288518,0.235117816,7.813782243,-0.349565202,0.32304253,-0.87945875,1.071351736,1.899738956,-1.949126379,440.6256639,117.0823722,810.1359662,810.1359662,3968,141.209
3971,141.34,-23.4,1.5,-4.8,-20.2,1.6,-5.3,-1.0,0.0,0.3,0.102520542,0.308852849,0.501506786,0.622527242,0.590913268,188.5677259,398.4174347,196.3616316,183.999077,188.5677259,-72.5403001,2.153887618,1.0,108,3.573493902,-3.641392545,18.36728725,12,0.863391804,-0.459161776,7.118787172,-0.225841841,0.265185897,-0.937375006,1.076943809,1.839193044,-1.807220553,440.6256639,117.0823722,810.1359662,810.1359662,3971,141.34
3972,141.408,-23.4,1.6,-4.7,-20.4,1.6,-5.2,-1.0,0.0,0.3,0.209673241,0.340895844,0.514540629,0.614229003,0.58361857,187.7536316,393.1065617,199.8630864,182.6509424,187.7536316,-67.95829108,2.154124417,1.0,108,3.573493902,-3.641392545,18.36728725,12,0.804948797,-0.420404863,7.144079312,-0.230712092,0.26841564,-0.935267328,1.077062208,1.842544265,-1.812648202,440.6256639,117.0823722,810.1359662,810.1359662,3972,141.408
3974,141.54,-23.4,1.6,-4.6,-20.5,1.6,-5.2,-1.0,0.0,0.3,0.139722313,0.369521559,0.5221062,0.606386645,0.578654031,187.3126435,388.0874526,202.2460653,181.7282678,187.3126435,-64.23194301,2.157056268,1.0,108,3.573493902,-3.641392545,18.36728725,12,0.748959099,-0.394062504,7.165642245,-0.2353779,0.270610837,-0.933470417,1.078528134,1.844823813,-1.817800852,440.6256639,117.0823722,810.1359662,810.1359662,3974,141.54
3975,141.593,-23.4,1.7,-4.9,-20.6,1.6,-5.1,-1.0,0.0,0.3,0.158973644,0.252806848,0.550031342,0.637992613,0.57660244,189.0910705,408.3152726,203.2308286,183.3107408,189.0910705,-79.67917433,2.151563993,1.0,108,3.573493902,-3.641392545,18.36728725,12,0.97765575,-0.379310132,7.114712315,-0.216319846,0.271840201,-0.937714578,1.075781997,1.846101054,-1.7975184,440.6256639,117.0823722,810.1359662,810.1359662,3975,141.593
4139,147.413,-17.2,1.1,-0.3,-20.6,1.6,-5.2,0.6,0.0,0.8,0.223695129,0.363816152,0.390625978,0.604739153,0.633669044,159.9146226,387.0330579,175.8388587,158.8281582,159.9146226,-63.19457308,2.214934166,0.183279574,108,3.481404653,-3.713440415,19.96409013,12,0.899036204,-0.856178521,8.598905241,-0.215197371,0.238105158,-0.947098741,1.107467083,1.811210757,-1.794220375,428.1176688,124.6762842,745.3382498,745.3382498,4139,147.413
4221,150.372,-9.3,2.2,-3.7,-20.6,1.6,-4.5,1.0,0.0,0.0,0.241588724,0.067729108,0.888622325,0.682442536,0.479445443,164.3632025,436.7632228,249.8661875,151.7271319,164.3632025,-89.93579755,2.169919435,1.0,108,3.516635836,-3.749649781,19.50312747,12,1.544731259,0.175332939,8.335938796,-0.164325381,0.327081893,-0.930599057,1.084959718,1.904010288,-1.74557484,431.7930558,120.7994837,762.9545579,762.9545579,4221,150.372
4250,151.434,-15.5,2.6,-4.0,-19.4,1.6,-4.5,1.0,0.0,0.0,0.445142099,0.260654333,0.896223651,0.629007923,0.458390974,160.3341962,402.5650704,259.9723324,147.0033838,160.3341962,-77.45206791,2.168775935,1.0,108,3.516635836,-3.749649781,19.50312747,12,1.09996929,0.315495303,8.474332516,-0.201388879,0.33876209,-0.919066247,1.084387967,1.916397208,-1.786510303,431.7930558,120.7994837,762.9545579,762.9545579,4250,151.434
4251,151.461,-15.5,2.6,-4.0,-19.4,1.6,-4.4,1.0,0.0,0.0,0.318645076,0.257106821,0.900062229,0.629793492,0.457470939,160.4729279,403.0678348,260.4139491,147.0567403,160.4729279,-77.63157825,2.170569787,1.0,108,3.516635836,-3.749649781,19.50312747,12,1.106953334,0.321669575,8.475081912,-0.200806875,0.339276613,-0.919003797,1.085284893,1.916944119,-1.785920151,431.7930558,120.7994837,762.9545579,762.9545579,4251,151.461
4288,152.776,-15.3,1.0,-3.9,-17.6,1.6,-4.4,1.0,-0.1,0.0,0.137572409,0.334800257,0.305387309,0.607341712,0.675378117,167.1037049,388.6986956,155.8185039,166.0773103,167.1037049,15.68950988,2.173778748,1.0,108,3.516635836,-3.749649781,19.50312747,12,0.866568197,-1.068391662,8.11067399,-0.22083897,0.223438177,-0.949371124,1.086889374,1.796136734,-1.799347914,431.7930558,120.7994837,762.9545579,762.9545579,4288,152.776
4289,152.812,-9.3,0.6,-4.8,-17.5,1.6,-4.3,1.0,-0.1,0.0,0.113796039,0.76894838,0.314456724,0.439706917,0.660282079,158.7689098,281.4124268,163.0646023,143.1256352,158.7689098,-17.20589917,2.167802681,1.0,108,3.516635836,-3.749649781,19.50312747,12,-0.573689921,-1.030261165,8.55442158,-0.34086048,0.226615718,-0.912392158,1.08390134,1.799397919,-1.928330158,431.7930558,120.7994837,762.9545579,762.9545579,4289,152.812
4296,153.143,-9.3,1.1,-3.5,-16.9,1.6,-4.3,1.0,-0.1,0.0,0.153533667,0.206426941,0.456435017,0.645798918,0.614937944,167.6167099,413.3113075,184.8297869,164.0899664,167.6167099,84.83083896,2.175941883,1.0,108,3.516635836,-3.749649781,19.50312747,12,1.195424444,-0.687382213,8.134992403,-0.193434283,0.255188964,-0.947344589,1.087970942,1.82883946,-1.772213405,431.7930558,120.7994837,762.9545579,762.9545579,4296,153.143
4298,153.243,-15.5,2.0,-4.7,-16.9,1.6,-4.2,1.0,-0.1,0.0,0.0,0.701367681,0.693137803,0.5,0.5,0.0,320.0,240.0,0.0,0.0,90.0,0.0,1.0,108,3.516635836,-3.749649781,19.50312747,12,0.0,0.0,0.0,0.0,0.0,0.0,0.0,0.0,0.0,431.7930558,120.7994837,762.9545579,762.9545579,4298,153.243
4473,159.504,-9.3,1.2,-3.2,-17.0,1.6,-4.1,1.0,-0.1,0.0,0.258392626,0.110919609,0.493381615,0.668740132,0.606903477,149.2187447,427.9936844,188.6863311,141.4541557,149.2187447,73.33309579,2.080102797,1.0,113,2.778368282,-4.708629245,20.03820104,12,1.518438716,-0.688685054,8.801981652,-0.10499413,0.334995349,-0.936351616,1.040051398,1.912396621,-1.682460978,405.9652187,94.31076744,742.5816304,742.5816304,4473,159.504
4475,159.572,-9.3,1.2,-3.1,-17.1,1.6,-4.0,1.0,-0.1,0.0,0.198979676,0.105701759,0.472188532,0.668561303,0.614858928,149.2492073,427.8792341,184.8677144,141.8511063,149.2492073,72.15412531,2.075494545,1.0,113,2.778368282,-4.708629245,20.03820104,12,1.51366152,-0.741746561,8.783674905,-0.10539223,0.330573557,-0.937877178,1.037747272,1.90770756,-1.682700041,405.9652187,94.31076744,742.5816304,742.5816304,4475,159.572
